rk,player,player_id,trans_team,pos,age,tm,g,gs,mp,fg,fga,fg%,3p,3pa,3p%,2p,2pa,2p%,efg%,ft,fta,ft%,orb,drb,trb,ast,stl,blk,tov,pf,pts,name,16_17_salary,17_18salary
1,Alex Abrines,abrinal01,none,SG,23,OKC,68,6,1055,134,341,0.393,94,247,0.381,40,94,0.426,0.531,44,49,0.898,18,68,86,40,37,8,33,114,406,Oklahoma City Thunder,5994764,5725000
2,Quincy Acy,acyqu01,trans,PF,26,DAL,6,0,48,5,17,0.294,1,7,0.143,4,10,0.4,0.324,2,3,0.667,2,6,8,0,0,0,2,9,13,Dallas Mavericks,1050961,NA
2,Quincy Acy,acyqu01,trans,PF,26,BRK,32,1,510,65,153,0.425,36,83,0.434,29,70,0.414,0.542,43,57,0.754,18,89,107,18,14,15,19,58,209,Brooklyn Nets,1914544,1709538
3,Steven Adams,adamsst01,none,C,23,OKC,80,80,2389,374,655,0.571,0,1,0,374,654,0.572,0.571,157,257,0.611,281,332,613,86,89,78,146,195,905,Oklahoma City Thunder,3140517,22471910
4,Arron Afflalo,afflaar01,none,SG,31,SAC,61,45,1580,185,420,0.44,62,151,0.411,123,269,0.457,0.514,83,93,0.892,9,116,125,78,21,6,42,104,515,Sacramento Kings,12500000,1500000
5,Alexis Ajinca,ajincal01,none,C,28,NOP,39,15,584,89,178,0.5,0,4,0,89,174,0.511,0.5,29,40,0.725,46,131,177,12,20,22,31,77,207,New Orleans Pelicans,4600000,4961798
7,LaMarcus Aldridge,aldrila01,none,PF,31,SAS,72,72,2335,500,1049,0.477,23,56,0.411,477,993,0.48,0.488,220,271,0.812,172,351,523,139,46,88,98,158,1243,San Antonio Spurs,20575005,21461010
8,Lavoy Allen,allenla01,none,PF,27,IND,61,5,871,77,168,0.458,0,1,0,77,167,0.461,0.458,23,33,0.697,105,114,219,57,18,24,29,78,177,Indiana Pacers,4000000,NA
9,Tony Allen,allento01,none,SG,35,MEM,71,66,1914,274,595,0.461,15,54,0.278,259,541,0.479,0.473,80,130,0.615,166,225,391,98,115,29,100,178,643,Memphis Grizzlies,5505618,NA
10,Al-Farouq Aminu,aminual01,none,PF,26,POR,61,25,1773,183,466,0.393,70,212,0.33,113,254,0.445,0.468,96,136,0.706,77,374,451,99,60,44,94,102,532,Portland Trail Blazers,7680965,7319035
12,Alan Anderson,anderal01,none,SF,34,LAC,30,0,308,30,80,0.375,14,44,0.318,16,36,0.444,0.463,12,16,0.75,3,21,24,11,3,0,7,35,86,Los Angeles Clippers,1315448,NA
13,Justin Anderson,anderju01,none,SF,23,PHI,24,8,518,75,162,0.463,21,72,0.292,54,90,0.6,0.528,32,41,0.78,30,66,96,34,13,7,26,45,203,Philadelphia 76ers,1514160,1579440
14,Kyle Anderson,anderky01,none,SF,23,SAS,72,14,1020,93,209,0.445,15,40,0.375,78,169,0.462,0.481,45,57,0.789,33,175,208,91,51,26,39,63,246,San Antonio Spurs,1192080,2151704
15,Ryan Anderson,anderry01,none,PF,28,HOU,72,72,2116,323,773,0.418,204,506,0.403,119,267,0.446,0.55,129,150,0.86,112,218,330,68,31,14,55,142,979,Houston Rockets,18735364,19578455
16,Giannis Antetokounmpo,antetgi01,none,SF,22,MIL,80,80,2845,656,1259,0.521,49,180,0.272,607,1079,0.563,0.541,471,612,0.77,142,558,700,434,131,151,234,246,1832,Milwaukee Bucks,2995421,22471910
17,Carmelo Anthony,anthoca01,none,SF,32,NYK,74,74,2538,602,1389,0.433,151,421,0.359,451,968,0.466,0.488,304,365,0.833,62,376,438,213,60,34,153,198,1659,New York Knicks,24559380,NA
19,Trevor Ariza,arizatr01,none,SF,31,HOU,80,80,2773,326,798,0.409,191,555,0.344,135,243,0.556,0.528,93,126,0.738,54,404,458,175,147,20,73,133,936,Houston Rockets,7806971,7420912
20,Darrell Arthur,arthuda01,none,PF,28,DEN,41,7,639,95,215,0.442,53,117,0.453,42,98,0.429,0.565,19,22,0.864,25,87,112,42,19,21,36,76,262,Denver Nuggets,8070175,7464912
22,D.J. Augustin,augusdj01,none,PG,29,ORL,78,20,1538,195,517,0.377,95,274,0.347,100,243,0.412,0.469,131,161,0.814,15,102,117,209,31,1,90,101,616,Orlando Magic,7250000,7250000
23,Luke Babbitt,babbilu01,none,SF,27,MIA,68,55,1065,113,281,0.402,87,210,0.414,26,71,0.366,0.557,11,15,0.733,12,129,141,36,20,11,25,118,324,Miami Heat,1227000,1974159
24,Ron Baker,bakerro01,none,SG,23,NYK,52,13,857,82,217,0.378,23,86,0.267,59,131,0.45,0.431,28,43,0.651,12,86,98,107,34,8,56,74,215,New York Knicks,543471,4328000
26,Leandro Barbosa,barbole01,none,SG,34,PHO,67,0,963,172,392,0.439,35,98,0.357,137,294,0.466,0.483,40,45,0.889,15,89,104,81,31,8,48,82,419,Phoenix Suns,4000000,500000
27,J.J. Barea,bareajo01,none,PG,32,DAL,35,6,771,142,343,0.414,53,148,0.358,89,195,0.456,0.491,44,51,0.863,9,75,84,193,14,1,63,30,381,Dallas Mavericks,4096950,3903900
28,Harrison Barnes,barneha02,none,PF,24,DAL,79,79,2803,599,1280,0.468,78,222,0.351,521,1058,0.492,0.498,242,281,0.861,93,301,394,116,65,15,102,128,1518,Dallas Mavericks,22116750,23112004
29,Matt Barnes,barnema02,trans,SF,36,SAC,54,13,1367,147,383,0.384,69,211,0.327,78,172,0.453,0.474,50,66,0.758,55,238,293,150,36,17,83,138,413,Sacramento Kings,6125000,2133542
29,Matt Barnes,barnema02,trans,SF,36,GSW,20,5,410,38,90,0.422,18,52,0.346,20,38,0.526,0.522,20,23,0.87,15,76,91,45,12,9,24,47,114,Golden State Warriors,383351,NA
30,Will Barton,bartowi01,none,SG,26,DEN,60,19,1705,295,666,0.443,87,235,0.37,208,431,0.483,0.508,143,190,0.753,58,201,259,206,48,28,97,110,820,Denver Nuggets,3533333,3533333
31,Brandon Bass,bassbr01,none,PF,31,LAC,52,0,577,107,186,0.575,1,3,0.333,106,183,0.579,0.578,77,88,0.875,43,86,129,21,14,11,29,45,292,Los Angeles Clippers,1551659,NA
32,Nicolas Batum,batumni01,none,SG,28,CHO,77,77,2617,393,975,0.403,135,405,0.333,258,570,0.453,0.472,243,284,0.856,46,435,481,456,86,29,194,109,1164,Charlotte Hornets,20869566,22434783
33,Jerryd Bayless,bayleje01,none,PG,28,PHI,3,1,71,11,32,0.344,2,5,0.4,9,27,0.333,0.375,9,10,0.9,3,9,12,13,0,0,9,4,33,Philadelphia 76ers,9424084,9000000
35,Kent Bazemore,bazemke01,none,SF,27,ATL,73,64,1963,295,721,0.409,92,266,0.346,203,455,0.446,0.473,119,168,0.708,45,186,231,177,91,52,125,165,801,Atlanta Hawks,15730338,16910113
37,Malik Beasley,beaslma01,none,SG,20,DEN,22,1,165,33,73,0.452,9,28,0.321,24,45,0.533,0.514,8,10,0.8,5,12,17,11,7,0,8,10,83,Denver Nuggets,1627320,1700640
38,Michael Beasley,beaslmi01,none,PF,28,MIL,56,6,935,216,406,0.532,18,43,0.419,198,363,0.545,0.554,78,105,0.743,40,153,193,53,27,27,66,92,528,Milwaukee Bucks,1403611,NA
39,Marco Belinelli,belinma01,none,SG,30,CHO,74,0,1778,264,615,0.429,102,283,0.36,162,332,0.488,0.512,150,168,0.893,14,164,178,147,44,9,70,90,780,Charlotte Hornets,6333333,NA
40,DeAndre' Bembry,bembrde01,none,SF,22,ATL,38,1,371,47,98,0.48,1,18,0.056,46,80,0.575,0.485,6,16,0.375,14,45,59,28,8,5,16,21,101,Atlanta Hawks,1499760,1567200
41,Dragan Bender,bendedr01,none,PF,19,PHO,43,0,574,57,161,0.354,28,101,0.277,29,60,0.483,0.441,4,11,0.364,23,80,103,23,10,22,32,74,146,Phoenix Suns,4276320,4468800
42,Anthony Bennett,bennean01,none,PF,23,BRK,23,1,264,38,92,0.413,13,48,0.271,25,44,0.568,0.484,26,36,0.722,25,53,78,12,5,3,12,18,115,Brooklyn Nets,1015696,NA
44,D?vis Bert?ns,bertada01,none,PF,24,SAS,67,6,808,103,234,0.44,69,173,0.399,34,61,0.557,0.588,28,34,0.824,22,76,98,46,20,28,32,75,303,San Antonio Spurs,543471,1312611
45,Patrick Beverley,beverpa01,none,SG,28,HOU,67,67,2058,228,543,0.42,110,288,0.382,118,255,0.463,0.521,73,95,0.768,95,298,393,281,99,25,100,222,639,Houston Rockets,6000000,NA
47,Nemanja Bjelica,bjeline01,none,PF,28,MIN,65,1,1190,151,356,0.424,56,177,0.316,95,179,0.531,0.503,45,61,0.738,57,187,244,79,40,20,59,154,403,Minnesota Timberwolves,3800000,3949999
48,Tarik Black,blackta01,none,C,25,LAL,67,16,1091,150,294,0.51,1,2,0.5,149,292,0.51,0.512,82,109,0.752,144,199,343,39,29,44,58,173,383,Los Angeles Lakers,6191000,NA
49,Eric Bledsoe,bledser01,none,PG,27,PHO,66,66,2176,449,1034,0.434,104,310,0.335,345,724,0.477,0.485,388,458,0.847,52,268,320,418,91,31,224,164,1390,Phoenix Suns,14000000,NA
53,Devin Booker,bookede01,none,SG,20,PHO,78,78,2730,606,1431,0.423,147,405,0.363,459,1026,0.447,0.475,367,441,0.832,46,203,249,268,72,21,241,242,1726,Phoenix Suns,2223600,2319360
54,Trevor Booker,booketr01,none,PF,29,BRK,71,43,1754,305,591,0.516,25,78,0.321,280,513,0.546,0.537,74,110,0.673,143,428,571,138,75,28,127,152,709,Brooklyn Nets,9250000,NA
55,Avery Bradley,bradlav01,none,SG,26,BOS,55,55,1835,359,775,0.463,108,277,0.39,251,498,0.504,0.533,68,93,0.731,65,269,334,122,68,11,88,141,894,Boston Celtics,8269663,NA
56,Corey Brewer,breweco01,none,SF,30,LAL,24,3,358,53,121,0.438,5,24,0.208,48,97,0.495,0.459,18,24,0.75,11,41,52,36,24,8,19,29,129,Los Angeles Lakers,7600000,6879366
57,Malcolm Brogdon,brogdma01,none,SG,24,MIL,75,28,1982,290,635,0.457,78,193,0.404,212,442,0.48,0.518,109,126,0.865,47,166,213,317,84,12,113,140,767,Milwaukee Bucks,925000,1312611
58,Aaron Brooks,brookaa01,none,PG,32,IND,65,0,894,121,300,0.403,48,128,0.375,73,172,0.424,0.483,32,40,0.8,18,51,69,125,25,9,66,93,322,Indiana Pacers,2700000,NA
60,Bobby Brown,brownbo02,none,PG,32,HOU,25,0,123,23,60,0.383,14,35,0.4,9,25,0.36,0.5,2,2,1,0,6,6,14,1,0,5,5,62,Houston Rockets,934293,1230186
61,Jaylen Brown,brownja02,none,SF,20,BOS,78,20,1341,192,423,0.454,46,135,0.341,146,288,0.507,0.508,85,124,0.685,45,175,220,64,35,18,68,142,515,Boston Celtics,4743000,4956480
62,Nicolas Brussino,brussni01,none,SG,23,DAL,54,2,521,52,141,0.369,29,95,0.305,23,46,0.5,0.472,17,22,0.773,26,69,95,47,17,8,26,43,150,Dallas Mavericks,543471,NA
63,Reggie Bullock,bullore01,none,SF,25,DET,31,5,467,54,128,0.422,28,73,0.384,26,55,0.473,0.531,5,7,0.714,13,51,64,29,18,3,10,22,141,Detroit Pistons,2255644,2500000
65,Alec Burks,burksal01,none,SG,25,UTA,42,0,653,99,248,0.399,25,76,0.329,74,172,0.43,0.45,60,78,0.769,17,103,120,30,18,5,35,50,283,Utah Jazz,10154495,10845506
66,Jimmy Butler,butleji01,none,SF,27,CHI,76,75,2809,570,1252,0.455,91,248,0.367,479,1004,0.477,0.492,585,676,0.865,129,341,470,417,143,32,159,112,1816,Chicago Bulls,17552209,NA
68,Jose Calderon,caldejo01,trans,PG,35,LAL,24,11,292,32,77,0.416,12,34,0.353,20,43,0.465,0.494,4,4,1,8,34,42,51,7,1,26,22,80,Los Angeles Lakers,7708427,NA
68,Jose Calderon,caldejo01,trans,PG,35,ATL,17,2,247,23,57,0.404,8,30,0.267,15,27,0.556,0.474,7,8,0.875,7,25,32,37,4,0,15,14,61,Atlanta Hawks,392478,NA
69,Kentavious Caldwell-Pope,caldwke01,none,SG,23,DET,76,75,2529,370,928,0.399,153,437,0.35,217,491,0.442,0.481,154,185,0.832,55,193,248,193,89,12,86,118,1047,Detroit Pistons,3678319,NA
70,Isaiah Canaan,canaais01,none,SG,25,CHI,39,0,592,63,173,0.364,25,94,0.266,38,79,0.481,0.436,30,33,0.909,6,44,50,37,22,1,21,35,181,Chicago Bulls,1015696,200000
72,DeMarre Carroll,carrode01,none,SF,30,TOR,72,72,1882,220,550,0.4,109,320,0.341,111,230,0.483,0.499,89,117,0.761,63,212,275,74,81,27,54,143,638,Toronto Raptors,14200000,NA
73,Vince Carter,cartevi01,none,SF,40,MEM,73,15,1799,193,490,0.394,112,296,0.378,81,194,0.418,0.508,88,115,0.765,36,191,227,133,60,36,50,163,586,Memphis Grizzlies,4264057,NA
74,Michael Carter-Williams,cartemi01,none,PG,25,CHI,45,19,846,112,306,0.366,15,64,0.234,97,242,0.401,0.391,58,77,0.753,24,129,153,113,38,23,66,102,297,Chicago Bulls,3183526,NA
75,Omri Casspi,casspom01,none,PF,28,MIN,13,0,222,19,38,0.5,2,10,0.2,17,28,0.607,0.526,5,8,0.625,6,14,20,11,13,2,10,24,45,Minnesota Timberwolves,138414,NA
76,Willie Cauley-Stein,caulewi01,none,C,23,SAC,75,21,1421,255,481,0.53,0,2,0,255,479,0.532,0.53,101,151,0.669,85,254,339,80,53,44,69,147,611,Sacramento Kings,3551160,3704160
78,Wilson Chandler,chandwi01,none,SF,29,DEN,71,33,2197,433,939,0.461,110,326,0.337,323,613,0.527,0.52,141,194,0.727,103,357,460,141,51,30,114,172,1117,Denver Nuggets,11200000,12016854
79,Marquese Chriss,chrisma01,none,PF,19,PHO,82,75,1743,284,632,0.449,72,224,0.321,212,408,0.52,0.506,113,181,0.624,96,252,348,60,67,70,108,263,753,Phoenix Suns,2941440,3073800
81,Semaj Christon,chrisse01,none,PG,24,OKC,64,1,973,77,223,0.345,12,63,0.19,65,160,0.406,0.372,17,31,0.548,19,68,87,130,28,7,43,79,183,Oklahoma City Thunder,543471,NA
82,Ian Clark,clarkia01,none,SG,25,GSW,77,0,1137,211,433,0.487,61,163,0.374,150,270,0.556,0.558,44,58,0.759,22,99,121,90,39,8,55,77,527,Golden State Warriors,1015696,NA
83,Jordan Clarkson,clarkjo01,none,SG,24,LAL,82,19,2397,477,1071,0.445,117,356,0.329,360,715,0.503,0.5,134,168,0.798,49,197,246,213,88,8,164,150,1205,Los Angeles Lakers,12500000,NA
84,Norris Cole,coleno01,none,PG,28,OKC,13,0,125,16,52,0.308,3,13,0.231,13,39,0.333,0.337,8,10,0.8,0,11,11,14,8,0,7,18,43,Oklahoma City Thunder,247991,NA
85,Darren Collison,collida01,none,PG,29,SAC,68,64,2063,340,714,0.476,73,175,0.417,267,539,0.495,0.527,147,171,0.86,23,129,152,312,67,9,114,119,900,Sacramento Kings,5229454,NA
86,Nick Collison,collini01,none,PF,36,OKC,20,0,128,14,23,0.609,0,1,0,14,22,0.636,0.609,5,8,0.625,9,22,31,12,2,2,4,17,33,Oklahoma City Thunder,3750000,2328652
87,Mike Conley,conlemi01,none,PG,29,MEM,69,68,2292,464,1009,0.46,171,419,0.408,293,590,0.497,0.545,316,368,0.859,31,210,241,433,92,19,156,126,1415,Memphis Grizzlies,26540100,28530608
88,Pat Connaughton,connapa01,none,SG,24,POR,39,1,316,37,72,0.514,17,33,0.515,20,39,0.513,0.632,7,9,0.778,10,42,52,28,6,2,17,23,98,Portland Trail Blazers,874636,1471382
90,DeMarcus Cousins,couside01,none,C,26,NOP,17,17,574,142,314,0.452,36,96,0.375,106,218,0.486,0.51,94,121,0.777,37,174,211,66,25,19,62,75,414,New Orleans Pelicans,16957900,18063850
91,Robert Covington,covinro01,none,SF,26,PHI,67,67,2119,292,732,0.399,137,412,0.333,155,320,0.484,0.492,143,174,0.822,92,344,436,102,127,69,131,203,864,Philadelphia 76ers,1015696,16698103
92,Allen Crabbe,crabbal01,none,SG,24,POR,79,7,2254,303,647,0.468,134,302,0.444,169,345,0.49,0.572,105,124,0.847,19,207,226,94,54,20,62,171,845,Portland Trail Blazers,18500000,NA
93,Jamal Crawford,crawfja01,none,SG,36,LAC,82,1,2157,359,870,0.413,116,322,0.36,243,548,0.443,0.479,174,203,0.857,17,112,129,214,61,14,134,115,1008,Los Angeles Clippers,13253012,NA
94,Jordan Crawford,crawfjo02,none,SG,28,NOP,19,0,442,105,218,0.482,37,95,0.389,68,123,0.553,0.567,20,26,0.769,4,30,34,57,11,2,25,30,267,New Orleans Pelicans,234915,308190
95,Jae Crowder,crowdja01,none,SF,26,BOS,72,72,2335,333,720,0.463,157,394,0.398,176,326,0.54,0.572,176,217,0.811,48,367,415,155,73,23,80,161,999,Boston Celtics,6286408,NA
96,Dante Cunningham,cunnida01,none,PF,29,NOP,66,35,1649,174,359,0.485,71,181,0.392,103,178,0.579,0.584,16,27,0.593,56,221,277,37,39,28,28,100,435,New Orleans Pelicans,2978250,NA
97,Seth Curry,curryse01,none,PG,26,DAL,70,42,2029,338,703,0.481,137,322,0.425,201,381,0.528,0.578,85,100,0.85,25,154,179,189,79,7,92,126,898,Dallas Mavericks,2898000,3028410
98,Stephen Curry,curryst01,none,PG,28,GSW,79,79,2638,675,1443,0.468,324,789,0.411,351,654,0.537,0.58,325,362,0.898,61,292,353,524,142,17,239,183,1999,Golden State Warriors,12112359,34682550
99,Troy Daniels,danietr01,none,SG,25,MEM,67,3,1183,185,495,0.374,138,355,0.389,47,140,0.336,0.513,43,54,0.796,22,78,100,46,20,4,45,90,551,Memphis Grizzlies,3332940,NA
100,Anthony Davis,davisan02,none,C,23,NOP,75,75,2708,770,1526,0.505,40,134,0.299,730,1392,0.524,0.518,519,647,0.802,172,712,884,157,94,167,181,168,2099,New Orleans Pelicans,22116750,23775506
104,Sam Dekker,dekkesa01,none,PF,22,HOU,77,2,1419,203,429,0.473,60,187,0.321,143,242,0.591,0.543,38,68,0.559,94,190,284,76,38,21,41,83,504,Houston Rockets,1720560,NA
105,Malcolm Delaney,delanma01,none,PG,27,ATL,73,2,1248,145,388,0.374,26,110,0.236,119,278,0.428,0.407,75,93,0.806,10,113,123,193,39,1,95,112,391,Atlanta Hawks,2500000,2500000
106,Matthew Dellavedova,dellama01,none,PG,26,MIL,76,54,1986,208,534,0.39,79,215,0.367,129,319,0.404,0.463,82,96,0.854,24,123,147,357,53,0,133,153,577,Milwaukee Bucks,9607500,9607500
107,Luol Deng,denglu01,none,SF,31,LAL,56,49,1486,164,424,0.387,51,165,0.309,113,259,0.436,0.447,46,63,0.73,63,232,295,74,48,20,43,61,425,Los Angeles Lakers,18000000,17190000
108,DeMar DeRozan,derozde01,none,SG,27,TOR,74,74,2620,721,1545,0.467,33,124,0.266,688,1421,0.484,0.477,545,647,0.842,70,316,386,290,78,13,180,134,2020,Toronto Raptors,26540100,27739975
110,Boris Diaw,diawbo01,none,PF,34,UTA,73,33,1283,146,327,0.446,20,81,0.247,126,246,0.512,0.477,26,35,0.743,46,112,158,170,18,9,87,83,338,Utah Jazz,7000000,NA
111,Gorgui Dieng,dienggo01,none,PF,27,MIN,82,82,2653,332,661,0.502,16,43,0.372,316,618,0.511,0.514,136,167,0.814,188,459,647,158,88,95,107,254,816,Minnesota Timberwolves,2348783,14112360
112,Spencer Dinwiddie,dinwisp01,none,PG,23,BRK,59,18,1334,134,302,0.444,38,101,0.376,96,201,0.478,0.507,126,159,0.792,27,137,164,185,44,23,66,119,432,Brooklyn Nets,726672,1524305
113,Toney Douglas,douglto01,none,PG,30,MEM,24,0,394,43,117,0.368,7,42,0.167,36,75,0.48,0.397,24,29,0.828,13,48,61,56,18,5,21,50,117,Memphis Grizzlies,603558,NA
114,Goran Dragi?,dragigo01,none,PG,30,MIA,73,73,2459,534,1124,0.475,117,289,0.405,417,835,0.499,0.527,298,377,0.79,62,217,279,423,89,13,212,199,1483,Miami Heat,15890000,17000450
115,Andre Drummond,drumman01,none,C,23,DET,81,81,2409,483,911,0.53,2,7,0.286,481,904,0.532,0.531,137,355,0.386,345,770,1115,90,124,89,152,237,1105,Detroit Pistons,22116750,23775506
116,Jared Dudley,dudleja01,none,PF,31,PHO,64,7,1362,157,346,0.454,77,203,0.379,80,143,0.559,0.565,43,65,0.662,31,194,225,121,42,16,73,154,434,Phoenix Suns,10470000,10000000
117,Mike Dunleavy,dunlemi02,none,SF,36,ATL,30,0,475,57,130,0.438,33,77,0.429,24,53,0.453,0.565,22,26,0.846,13,55,68,30,9,5,14,35,169,Atlanta Hawks,4837500,1662500
118,Kris Dunn,dunnkr01,none,PG,22,MIN,78,7,1333,118,313,0.377,21,73,0.288,97,240,0.404,0.411,36,59,0.61,24,142,166,188,78,36,89,178,293,Minnesota Timberwolves,3872520,NA
119,Kevin Durant,duranke01,none,PF,28,GSW,62,62,2070,551,1026,0.537,117,312,0.375,434,714,0.608,0.594,336,384,0.875,39,474,513,300,66,99,138,117,1555,Golden State Warriors,26540100,25000000
120,Jarell Eddie,eddieja01,none,SF,25,PHO,5,0,62,6,19,0.316,4,16,0.25,2,3,0.667,0.421,8,9,0.889,1,6,7,0,1,0,1,1,24,Phoenix Suns,102898,NA
121,Henry Ellenson,ellenhe01,none,PF,20,DET,19,2,146,23,64,0.359,10,35,0.286,13,29,0.448,0.438,4,8,0.5,8,33,41,7,1,1,14,6,60,Detroit Pistons,1704120,1780800
122,Wayne Ellington,ellinwa01,none,SG,29,MIA,62,13,1500,231,555,0.416,149,394,0.378,82,161,0.509,0.55,37,43,0.86,18,114,132,70,35,4,30,70,648,Miami Heat,6000000,6270000
123,Monta Ellis,ellismo01,none,SG,31,IND,74,33,1998,247,557,0.443,43,135,0.319,204,422,0.483,0.482,93,128,0.727,19,185,204,236,78,27,135,149,630,Indiana Pacers,10770000,2245400
124,Joel Embiid,embiijo01,none,C,22,PHI,31,31,786,200,429,0.466,36,98,0.367,164,331,0.495,0.508,191,244,0.783,61,182,243,66,27,76,117,112,627,Philadelphia 76ers,4826160,6100266
125,James Ennis III,ennisja01,none,SF,26,MEM,64,28,1501,146,321,0.455,51,137,0.372,95,184,0.516,0.534,86,110,0.782,69,190,259,64,46,19,59,165,429,Memphis Grizzlies,2898000,NA
126,Tyler Ennis,ennisty01,none,PG,22,LAL,22,2,392,65,144,0.451,21,54,0.389,44,90,0.489,0.524,19,22,0.864,5,21,26,52,19,2,21,29,170,Los Angeles Lakers,1733880,1524305
127,Tyreke Evans,evansty01,none,SF,27,SAC,14,6,314,59,143,0.413,21,48,0.438,38,95,0.4,0.486,24,34,0.706,7,44,51,33,12,5,22,19,163,Sacramento Kings,10661286,NA
128,Dante Exum,exumda01,none,PG,21,UTA,66,26,1228,155,363,0.427,44,149,0.295,111,214,0.519,0.488,58,73,0.795,30,102,132,111,21,12,80,146,412,Utah Jazz,3940320,4992385
129,Kenneth Faried,farieke01,none,PF,27,DEN,61,34,1296,228,416,0.548,0,6,0,228,410,0.556,0.548,131,189,0.693,183,279,462,55,43,40,59,124,587,Denver Nuggets,12078652,12921348
131,Derrick Favors,favorde01,none,PF,25,UTA,50,39,1186,203,417,0.487,3,10,0.3,200,407,0.491,0.49,67,109,0.615,92,213,305,56,45,40,60,103,476,Utah Jazz,11050000,12000000
134,Raymond Felton,feltora01,none,PG,32,LAC,80,11,1700,221,514,0.43,46,144,0.319,175,370,0.473,0.475,50,64,0.781,33,185,218,191,66,22,83,125,538,Los Angeles Clippers,1551659,NA
135,Yogi Ferrell,ferreyo01,trans,PG,23,BRK,10,0,151,18,49,0.367,8,27,0.296,10,22,0.455,0.449,10,16,0.625,4,8,12,17,2,2,14,11,54,Brooklyn Nets,202300,NA
135,Yogi Ferrell,ferreyo01,trans,PG,23,DAL,36,29,1046,142,345,0.412,60,149,0.403,82,196,0.418,0.499,64,73,0.877,16,83,99,155,40,7,56,79,408,Dallas Mavericks,239767,1312611
136,Dorian Finney-Smith,finnedo01,none,PF,23,DAL,81,35,1642,124,333,0.372,56,191,0.293,68,142,0.479,0.456,46,61,0.754,55,167,222,67,52,25,45,125,350,Dallas Mavericks,543471,1312611
137,Bryn Forbes,forbebr01,none,SG,23,SAS,36,0,285,36,99,0.364,17,53,0.321,19,46,0.413,0.449,5,6,0.833,2,21,23,23,1,0,11,20,94,San Antonio Spurs,543471,1312611
138,Evan Fournier,fournev01,none,SG,24,ORL,68,66,2234,408,930,0.439,128,360,0.356,280,570,0.491,0.508,223,277,0.805,44,165,209,202,66,4,141,180,1167,Orlando Magic,17000000,17000000
139,Randy Foye,foyera01,none,SG,33,BRK,69,40,1284,118,325,0.363,67,203,0.33,51,122,0.418,0.466,54,63,0.857,9,146,155,135,35,9,80,99,357,Brooklyn Nets,2500000,NA
140,Tim Frazier,fraziti01,none,PG,26,NOP,65,35,1525,163,404,0.403,40,128,0.313,123,276,0.446,0.453,98,129,0.76,34,139,173,335,56,6,101,133,464,New Orleans Pelicans,2090000,NA
141,Enes Freedom,kanteen01,none,C,24,OKC,72,0,1533,402,737,0.545,5,38,0.132,397,699,0.568,0.549,224,285,0.786,195,287,482,67,32,38,123,154,1033,Oklahoma City Thunder,17145838,NA
142,Channing Frye,fryech01,none,C,33,CLE,74,15,1398,238,520,0.458,137,335,0.409,101,185,0.546,0.589,63,74,0.851,37,253,290,45,33,37,53,138,676,Cleveland Cavaliers,7806971,NA
143,Danilo Gallinari,gallida01,none,SF,28,DEN,63,63,2134,335,750,0.447,126,324,0.389,209,426,0.491,0.531,349,387,0.902,39,286,325,135,40,15,82,93,1145,Denver Nuggets,15050000,NA
144,Langston Galloway,gallola01,none,PG,25,SAC,19,2,375,42,104,0.404,19,40,0.475,23,64,0.359,0.495,11,12,0.917,7,28,35,28,6,1,18,20,114,Sacramento Kings,5200000,NA
146,Marc Gasol,gasolma01,none,C,32,MEM,74,74,2531,532,1160,0.459,104,268,0.388,428,892,0.48,0.503,278,332,0.837,60,404,464,338,67,99,166,171,1446,Memphis Grizzlies,21165675,22642350
147,Pau Gasol,gasolpa01,none,C,36,SAS,64,39,1627,303,604,0.502,56,104,0.538,247,500,0.494,0.548,130,184,0.707,107,394,501,150,24,70,81,110,792,San Antonio Spurs,15500000,16000000
148,Rudy Gay,gayru01,none,SF,30,SAC,30,30,1013,201,442,0.455,42,113,0.372,159,329,0.483,0.502,118,138,0.855,35,155,190,83,44,26,74,79,562,Sacramento Kings,13333333,NA
149,Michael Gbinije,gbinimi01,none,SG,24,DET,9,0,32,1,10,0.1,0,4,0,1,6,0.167,0.1,2,2,1,2,1,3,2,0,0,0,2,4,Detroit Pistons,650000,500000
150,Alonzo Gee,geeal01,none,SF,29,DEN,13,0,89,3,14,0.214,0,3,0,3,11,0.273,0.214,5,9,0.556,4,11,15,6,5,1,4,14,11,Denver Nuggets,495227,NA
151,Paul George,georgpa01,none,SF,26,IND,75,75,2689,622,1348,0.461,195,496,0.393,427,852,0.501,0.534,336,374,0.898,58,434,492,251,119,27,220,206,1775,Indiana Pacers,18314532,NA
152,Marcus Georges-Hunt,georgma01,none,SG,22,ORL,5,0,48,2,7,0.286,1,2,0.5,1,5,0.2,0.357,9,10,0.9,1,8,9,3,1,0,2,5,14,Orlando Magic,31969,NA
153,Jonathan Gibson,gibsojo01,none,PG,29,DAL,17,0,231,35,95,0.368,15,45,0.333,20,50,0.4,0.447,21,29,0.724,1,21,22,26,8,0,21,21,106,Dallas Mavericks,680937,NA
154,Taj Gibson,gibsota01,none,PF,31,OKC,23,16,487,89,179,0.497,1,1,1,88,178,0.494,0.5,28,39,0.718,38,65,103,13,14,15,28,40,207,Oklahoma City Thunder,8950000,NA
155,Manu Ginobili*,ginobma01,none,SG,39,SAS,69,0,1291,171,439,0.39,89,227,0.392,82,212,0.387,0.491,86,107,0.804,28,129,157,183,82,16,96,119,517,San Antonio Spurs,14000000,2500000
156,Rudy Gobert,goberru01,none,C,24,UTA,81,81,2744,413,625,0.661,0,1,0,413,624,0.662,0.661,311,476,0.653,314,721,1035,97,49,214,147,246,1137,Utah Jazz,2121288,21974719
157,Archie Goodwin,goodwar01,trans,SG,22,NOP,3,0,30,2,5,0.4,1,2,0.5,1,3,0.333,0.5,10,10,1,0,0,0,1,0,1,0,1,15,New Orleans Pelicans,95600,NA
157,Archie Goodwin,goodwar01,trans,SG,22,BRK,12,0,184,34,61,0.557,4,13,0.308,30,48,0.625,0.59,23,32,0.719,7,21,28,23,4,4,14,7,95,Brooklyn Nets,194494,NA
158,Aaron Gordon,gordoaa01,none,SF,21,ORL,80,72,2298,393,865,0.454,77,267,0.288,316,598,0.528,0.499,156,217,0.719,116,289,405,150,65,40,89,172,1019,Orlando Magic,4351320,5504420
159,Eric Gordon,gordoer01,none,SG,28,HOU,75,15,2323,412,1016,0.406,246,661,0.372,166,355,0.468,0.527,147,175,0.84,29,172,201,188,48,41,121,150,1217,Houston Rockets,12385364,12943020
161,Treveon Graham,grahatr01,none,SG,23,CHO,27,1,189,19,40,0.475,9,15,0.6,10,25,0.4,0.588,10,15,0.667,5,17,22,6,6,1,3,18,57,Charlotte Hornets,543471,1312611
162,Jerami Grant,grantje01,none,PF,22,OKC,78,4,1490,146,311,0.469,43,114,0.377,103,197,0.523,0.539,86,139,0.619,38,161,199,46,33,75,41,144,421,Oklahoma City Thunder,980431,1524305
163,Jerian Grant,grantje02,none,PG,24,CHI,63,28,1028,128,301,0.425,49,134,0.366,79,167,0.473,0.507,65,73,0.89,17,94,111,121,47,8,44,93,370,Chicago Bulls,1643040,1713840
164,Danny Green,greenda02,none,SG,29,SAS,68,68,1807,176,449,0.392,118,311,0.379,58,138,0.42,0.523,27,32,0.844,31,193,224,124,70,57,76,120,497,San Antonio Spurs,10000000,10000000
165,Draymond Green,greendr01,none,PF,26,GSW,76,76,2471,272,650,0.418,81,263,0.308,191,387,0.494,0.481,151,213,0.709,98,501,599,533,154,106,184,217,776,Golden State Warriors,15330435,16400000
166,Gerald Green,greenge01,none,SF,31,BOS,47,0,538,95,232,0.409,39,111,0.351,56,121,0.463,0.494,33,41,0.805,16,68,84,33,9,7,25,48,262,Boston Celtics,1410598,NA
167,JaMychal Green,greenja01,none,PF,26,MEM,77,75,2101,250,500,0.5,55,145,0.379,195,355,0.549,0.555,134,167,0.802,167,377,544,84,47,34,94,248,689,Memphis Grizzlies,980431,8533333
168,Jeff Green,greenje02,none,PF,30,ORL,69,11,1534,220,558,0.394,53,193,0.275,167,365,0.458,0.442,145,168,0.863,39,175,214,81,37,13,75,103,638,Orlando Magic,15000000,NA
169,Blake Griffin,griffbl01,none,PF,27,LAC,61,61,2076,479,971,0.493,38,113,0.336,441,858,0.514,0.513,320,421,0.76,112,385,497,300,57,22,142,157,1316,Los Angeles Clippers,20140838,NA
170,Justin Hamilton,hamilju01,none,C,26,BRK,64,7,1177,174,379,0.459,55,180,0.306,119,199,0.598,0.532,39,52,0.75,71,191,262,55,29,43,43,91,442,Brooklyn Nets,3000000,NA
171,A.J. Hammons,hammoaj01,none,C,24,DAL,22,0,163,17,42,0.405,5,10,0.5,12,32,0.375,0.464,9,20,0.45,8,28,36,4,1,13,10,21,48,Dallas Mavericks,650000,NA
172,Tim Hardaway Jr.,hardati02,none,SG,24,ATL,79,30,2154,415,912,0.455,149,417,0.357,266,495,0.537,0.537,164,214,0.766,35,189,224,182,55,15,106,103,1143,Atlanta Hawks,2281605,NA
173,James Harden,hardeja01,none,PG,27,HOU,81,81,2947,674,1533,0.44,262,756,0.347,412,777,0.53,0.525,746,881,0.847,95,564,659,907,121,38,464,215,2356,Houston Rockets,26540100,28299399
174,Maurice Harkless,harklma01,none,SF,23,POR,77,69,2223,314,624,0.503,68,194,0.351,246,430,0.572,0.558,77,124,0.621,125,216,341,88,85,70,86,214,773,Portland Trail Blazers,8988764,10162922
176,Montrezl Harrell,harremo01,none,C,23,HOU,58,14,1064,225,345,0.652,1,7,0.143,224,338,0.663,0.654,76,121,0.628,81,138,219,64,20,42,44,126,527,Houston Rockets,1045000,NA
177,Devin Harris,harride01,none,PG,33,DAL,65,0,1087,136,341,0.399,58,177,0.328,78,164,0.476,0.484,107,129,0.829,11,116,127,136,43,7,57,101,437,Dallas Mavericks,4228000,NA
178,Gary Harris,harriga01,none,SG,22,DEN,57,56,1782,320,637,0.502,107,255,0.42,213,382,0.558,0.586,104,134,0.776,48,130,178,164,71,8,76,92,851,Denver Nuggets,1655880,2550055
179,Joe Harris,harrijo01,none,SG,25,BRK,52,11,1138,154,362,0.425,85,221,0.385,69,141,0.489,0.543,35,49,0.714,16,131,147,54,30,8,55,121,428,Brooklyn Nets,980431,1524305
180,Manny Harris,harrima01,none,SG,27,DAL,4,0,25,3,15,0.2,0,2,0,3,13,0.231,0.2,2,4,0.5,3,6,9,2,0,0,2,1,8,Dallas Mavericks,119494,NA
181,Tobias Harris,harrito02,none,PF,24,DET,82,48,2567,511,1063,0.481,109,314,0.347,402,749,0.537,0.532,190,226,0.841,63,353,416,142,60,39,96,133,1321,Detroit Pistons,17200000,NA
182,Aaron Harrison,harriaa01,none,SG,22,CHO,5,0,17,0,4,0,0,2,0,0,2,0,0,1,2,0.5,0,3,3,3,0,0,0,2,1,Charlotte Hornets,375579,NA
183,Andrew Harrison,harrian01,none,PG,22,MEM,72,18,1474,117,360,0.325,43,156,0.276,74,204,0.363,0.385,148,194,0.763,23,113,136,198,53,21,85,194,425,Memphis Grizzlies,945000,1312611
184,Udonis Haslem,hasleud01,none,C,36,MIA,16,0,130,11,23,0.478,0,3,0,11,20,0.55,0.478,9,15,0.6,8,28,36,6,6,1,8,22,31,Miami Heat,4000000,1471382
185,Spencer Hawes,hawessp01,none,PF,28,MIL,19,0,171,30,59,0.508,9,26,0.346,21,33,0.636,0.585,14,18,0.778,6,39,45,19,2,4,9,16,83,Milwaukee Bucks,6348759,2007059
186,Gordon Hayward,haywago01,none,SF,26,UTA,73,73,2516,545,1156,0.471,149,374,0.398,396,782,0.506,0.536,362,429,0.844,49,345,394,252,73,20,140,117,1601,Utah Jazz,16073140,NA
187,Gerald Henderson,hendege02,none,SG,29,PHI,72,41,1667,234,553,0.423,61,173,0.353,173,380,0.455,0.478,133,165,0.806,34,151,185,112,40,15,62,129,662,Philadelphia 76ers,9000000,1000000
188,John Henson,hensojo01,none,C,26,MIL,58,39,1123,159,309,0.515,0,1,0,159,308,0.516,0.515,74,107,0.692,92,203,295,57,29,78,52,151,392,Milwaukee Bucks,12517606,11422536
189,Juancho Hernangomez,hernaju01,none,PF,21,DEN,62,9,842,101,224,0.451,46,113,0.407,55,111,0.495,0.554,57,76,0.75,43,144,187,29,30,12,31,62,305,Denver Nuggets,1987440,2076840
190,Willy Hernangomez,hernawi01,none,C,22,NYK,72,22,1324,246,465,0.529,4,15,0.267,242,450,0.538,0.533,91,125,0.728,170,332,502,96,41,36,100,150,587,New York Knicks,1375000,NA
191,Mario Hezonja,hezonma01,none,SF,21,ORL,65,2,960,117,330,0.355,43,144,0.299,74,186,0.398,0.42,40,50,0.8,20,126,146,62,30,15,58,74,317,Orlando Magic,3909840,4078320
193,Buddy Hield,hieldbu01,none,SG,24,SAC,25,18,727,142,296,0.48,59,138,0.428,83,158,0.525,0.579,35,43,0.814,16,87,103,44,20,2,53,34,378,Sacramento Kings,3517200,3675480
194,Nene,hilarne01,none,C,34,HOU,67,8,1198,245,397,0.617,3,9,0.333,242,388,0.624,0.621,116,197,0.589,95,187,282,65,56,39,73,163,609,Houston Rockets,2898000,3477600
195,George Hill,hillge01,none,PG,30,UTA,49,49,1544,289,606,0.477,94,233,0.403,195,373,0.523,0.554,157,196,0.801,23,144,167,204,50,11,85,114,829,Utah Jazz,8000000,NA
197,Solomon Hill,hillso01,none,SF,25,NOP,80,71,2374,183,478,0.383,94,270,0.348,89,208,0.428,0.481,103,128,0.805,51,256,307,141,72,32,82,182,563,New Orleans Pelicans,11241218,12236535
199,Jrue Holiday,holidjr01,none,PG,26,NOP,67,61,2190,405,893,0.454,100,281,0.356,305,612,0.498,0.51,119,168,0.708,46,218,264,488,100,44,194,133,1029,New Orleans Pelicans,11286518,25686667
200,Justin Holiday,holidju01,none,SG,27,NYK,82,4,1639,233,538,0.433,97,273,0.355,136,265,0.513,0.523,66,80,0.825,27,198,225,102,65,31,66,109,629,New York Knicks,1015696,NA
201,Rondae Hollis-Jefferson,holliro01,none,SF,22,BRK,78,50,1761,235,542,0.434,15,67,0.224,220,475,0.463,0.447,190,253,0.751,96,356,452,154,82,44,116,177,675,Brooklyn Nets,1395600,1471382
202,Richaun Holmes,holmeri01,none,C,23,PHI,57,17,1193,230,412,0.558,27,77,0.351,203,335,0.606,0.591,72,103,0.699,94,217,311,58,42,55,55,136,559,Philadelphia 76ers,1025831,1471382
203,Rodney Hood,hoodro01,none,SG,24,UTA,59,55,1593,272,666,0.408,114,307,0.371,158,359,0.44,0.494,90,115,0.783,16,186,202,96,38,11,65,132,748,Utah Jazz,1406520,NA
204,Al Horford,horfoal01,none,C,30,BOS,68,68,2193,379,801,0.473,86,242,0.355,293,559,0.524,0.527,108,135,0.8,95,370,465,337,52,86,115,138,952,Boston Celtics,26540100,27734405
206,Dwight Howard,howardw01,none,C,31,ATL,74,74,2199,388,613,0.633,0,2,0,388,611,0.635,0.633,226,424,0.533,296,644,940,104,64,92,170,203,1002,Atlanta Hawks,23180275,NA
208,Josh Huestis,huestjo01,none,PF,25,OKC,2,0,31,6,11,0.545,2,4,0.5,4,7,0.571,0.636,0,1,0,4,5,9,3,0,3,0,0,14,Oklahoma City Thunder,1191480,1471382
209,Kris Humphries,humphkr01,none,PF,31,ATL,56,4,689,87,214,0.407,19,54,0.352,68,160,0.425,0.451,64,82,0.78,60,146,206,29,15,21,28,69,257,Atlanta Hawks,4000000,NA
211,Serge Ibaka,ibakase01,none,PF,27,TOR,23,23,712,128,279,0.459,41,103,0.398,87,176,0.494,0.532,30,34,0.882,29,127,156,15,7,33,39,76,327,Toronto Raptors,12250000,20061729
212,Andre Iguodala,iguodan01,none,SF,33,GSW,76,0,1998,219,415,0.528,64,177,0.362,155,238,0.651,0.605,72,102,0.706,51,253,304,261,76,39,58,97,574,Golden State Warriors,11131368,14814815
213,Ersan ?lyasova,ilyaser01,none,PF,29,ATL,26,12,633,93,226,0.412,32,92,0.348,61,134,0.455,0.482,52,65,0.8,42,109,151,43,22,8,34,73,270,Atlanta Hawks,8400000,5434282
214,Joe Ingles,inglejo01,none,SF,29,UTA,82,26,1972,204,451,0.452,123,279,0.441,81,172,0.471,0.589,50,68,0.735,23,238,261,225,96,8,107,163,581,Utah Jazz,2250000,14136364
215,Brandon Ingram,ingrabr01,none,SF,19,LAL,79,40,2279,276,686,0.402,55,187,0.294,221,499,0.443,0.442,133,214,0.621,60,256,316,166,50,36,116,158,740,Los Angeles Lakers,5281680,5519400
216,Kyrie Irving,irvinky01,none,PG,24,CLE,72,72,2525,671,1420,0.473,177,441,0.401,494,979,0.505,0.535,297,328,0.905,52,178,230,418,83,24,180,157,1816,Cleveland Cavaliers,17638063,NA
217,Jarrett Jack,jackja01,none,PG,33,NOP,2,0,33,2,3,0.667,0,1,0,2,2,1,0.667,2,2,1,0,0,0,5,2,0,3,4,6,New Orleans Pelicans,91274,NA
219,Pierre Jackson,jackspi01,none,PG,25,DAL,8,1,84,13,39,0.333,3,11,0.273,10,28,0.357,0.372,6,7,0.857,1,8,9,19,2,0,3,5,35,Dallas Mavericks,105498,NA
220,Reggie Jackson,jacksre01,none,PG,26,DET,52,50,1424,284,677,0.419,66,184,0.359,218,493,0.442,0.468,118,136,0.868,21,93,114,270,35,5,114,129,752,Detroit Pistons,14956522,16000000
221,LeBron James,jamesle01,none,SF,32,CLE,74,74,2794,736,1344,0.548,124,342,0.363,612,1002,0.611,0.594,358,531,0.674,97,542,639,646,92,44,303,134,1954,Cleveland Cavaliers,30963450,33285709
222,Al Jefferson,jeffeal01,none,C,32,IND,66,1,931,235,471,0.499,0,1,0,235,470,0.5,0.499,65,85,0.765,75,203,278,57,19,16,33,125,535,Indiana Pacers,10230179,9769821
223,Richard Jefferson,jefferi01,none,SF,36,CLE,79,13,1614,153,343,0.446,62,186,0.333,91,157,0.58,0.536,80,108,0.741,28,175,203,78,26,10,52,153,448,Cleveland Cavaliers,2500000,NA
224,John Jenkins,jenkijo01,none,SG,25,PHO,4,0,13,2,5,0.4,1,2,0.5,1,3,0.333,0.5,2,2,1,0,1,1,1,0,0,0,0,7,Phoenix Suns,469841,NA
225,Brandon Jennings,jennibr01,none,PG,27,NYK,58,11,1428,163,429,0.38,68,200,0.34,95,229,0.415,0.459,102,135,0.756,21,131,152,287,55,4,106,84,496,New York Knicks,4837318,NA
226,Jonas Jerebko,jerebjo01,none,PF,29,BOS,78,6,1232,114,262,0.435,45,130,0.346,69,132,0.523,0.521,26,37,0.703,59,213,272,71,25,17,39,122,299,Boston Celtics,5000000,NA
227,Amir Johnson,johnsam01,none,PF,29,BOS,80,77,1608,213,370,0.576,27,66,0.409,186,304,0.612,0.612,67,100,0.67,118,248,366,140,51,62,77,211,520,Boston Celtics,12000000,NA
229,James Johnson,johnsja01,none,PF,29,MIA,76,5,2085,368,769,0.479,87,256,0.34,281,513,0.548,0.535,152,215,0.707,66,310,376,276,76,86,171,197,975,Miami Heat,4000000,13954000
230,Joe Johnson,johnsjo02,none,SF,35,UTA,78,14,1843,273,626,0.436,106,258,0.411,167,368,0.454,0.521,63,77,0.818,33,210,243,144,36,18,69,93,715,Utah Jazz,11000000,NA
231,Stanley Johnson,johnsst04,none,SF,20,DET,77,1,1371,129,365,0.353,45,154,0.292,84,211,0.398,0.415,36,53,0.679,36,153,189,105,56,24,71,121,339,Detroit Pistons,2969880,3097800
232,Tyler Johnson,johnsty01,none,PG,24,MIA,73,0,2178,357,824,0.433,93,250,0.372,264,574,0.46,0.49,195,254,0.768,50,243,293,233,84,44,90,176,1002,Miami Heat,5628000,5881260
233,Wesley Johnson,johnswe01,none,SF,29,LAC,68,3,810,73,200,0.365,29,118,0.246,44,82,0.537,0.438,11,17,0.647,26,155,181,23,29,30,18,83,186,Los Angeles Clippers,5628000,5881260
234,Nikola Joki?,jokicni01,none,C,21,DEN,73,59,2038,494,854,0.578,45,139,0.324,449,715,0.628,0.605,188,228,0.825,212,506,718,359,61,55,171,214,1221,Denver Nuggets,1358500,1471382
235,Dahntay Jones,jonesda02,none,SF,36,CLE,1,0,12,3,8,0.375,0,2,0,3,6,0.5,0.375,3,4,0.75,1,1,2,1,0,0,1,1,9,Cleveland Cavaliers,24022,NA
238,James Jones,jonesja02,none,SF,36,CLE,48,2,381,44,92,0.478,31,66,0.47,13,26,0.5,0.647,13,20,0.65,3,34,37,14,6,10,10,37,132,Cleveland Cavaliers,1551659,NA
239,Terrence Jones,joneste01,none,PF,25,NOP,51,12,1264,231,489,0.472,19,75,0.253,212,414,0.512,0.492,103,170,0.606,65,238,303,59,39,53,48,67,584,New Orleans Pelicans,1050961,NA
240,Tyus Jones,jonesty01,none,PG,20,MIN,60,0,774,75,181,0.414,26,73,0.356,49,108,0.454,0.486,33,43,0.767,10,57,67,156,48,5,38,50,209,Minnesota Timberwolves,1339680,1471382
241,DeAndre Jordan,jordade01,none,C,28,LAC,81,81,2570,412,577,0.714,0,2,0,412,575,0.717,0.714,205,425,0.482,298,816,1114,96,51,134,115,212,1029,Los Angeles Clippers,21165675,22642350
242,Cory Joseph,josepco01,none,PG,25,TOR,80,22,2003,299,661,0.452,48,135,0.356,251,526,0.477,0.489,94,122,0.77,51,184,235,265,66,13,108,140,740,Toronto Raptors,7330000,NA
243,Frank Kaminsky,kaminfr01,none,C,23,CHO,75,16,1954,320,802,0.399,116,354,0.328,204,448,0.455,0.471,118,156,0.756,57,279,336,162,46,34,76,139,874,Charlotte Hornets,2730000,2847600
244,Ryan Kelly,kellyry01,none,PF,25,ATL,16,0,110,8,28,0.286,4,10,0.4,4,18,0.222,0.357,5,6,0.833,1,17,18,8,4,5,4,5,25,Atlanta Hawks,418228,NA
245,Michael Kidd-Gilchrist,kiddgmi01,none,SF,23,CHO,81,81,2349,295,618,0.477,1,9,0.111,294,609,0.483,0.478,152,194,0.784,156,409,565,114,81,77,56,187,743,Charlotte Hornets,13000000,13000000
246,Sean Kilpatrick,kilpase01,none,SG,27,BRK,70,24,1754,305,735,0.415,105,308,0.341,200,427,0.468,0.486,204,242,0.843,22,258,280,157,45,6,135,118,919,Brooklyn Nets,980431,1524305
247,Brandon Knight,knighbr03,none,SG,25,PHO,54,5,1140,209,525,0.398,45,139,0.324,164,386,0.425,0.441,132,154,0.857,25,93,118,130,27,5,88,87,595,Phoenix Suns,12606250,13618750
248,Kyle Korver,korveky01,none,SG,35,CLE,35,1,859,131,269,0.487,97,200,0.485,34,69,0.493,0.667,14,15,0.933,7,90,97,35,11,8,29,60,373,Cleveland Cavaliers,5239437,7000000
249,Kosta Koufos,koufoko01,none,C,27,SAC,71,62,1419,216,392,0.551,0,1,0,216,391,0.552,0.551,38,62,0.613,118,285,403,47,36,48,61,172,470,Sacramento Kings,8046500,8393000
250,Mindaugas Kuzminskas,kuzmimi01,none,SF,27,NYK,68,5,1016,158,369,0.428,54,168,0.321,104,201,0.517,0.501,55,68,0.809,47,79,126,69,29,11,51,79,425,New York Knicks,2898000,3025035
251,Skal Labissiere,labissk01,none,PF,20,SAC,33,12,612,117,218,0.537,3,8,0.375,114,210,0.543,0.544,52,74,0.703,51,111,162,27,16,13,37,64,289,Sacramento Kings,1188840,1312611
252,Jeremy Lamb,lambje01,none,SG,24,CHO,62,5,1143,226,491,0.46,41,146,0.281,185,345,0.536,0.502,110,129,0.853,30,234,264,75,27,23,40,98,603,Charlotte Hornets,6511628,7000000
253,Nicolas Laprovittola,laproni01,none,PG,27,SAS,18,3,174,20,47,0.426,10,27,0.37,10,20,0.5,0.532,9,9,1,1,9,10,28,4,1,19,19,59,San Antonio Spurs,210995,NA
254,Joffrey Lauvergne,lauvejo01,none,C,25,CHI,20,1,241,37,92,0.402,6,20,0.3,31,72,0.431,0.435,9,15,0.6,21,47,68,19,7,0,16,12,89,Chicago Bulls,1709720,NA
255,Zach LaVine,lavinza01,none,SG,21,MIN,47,47,1749,326,710,0.459,120,310,0.387,206,400,0.515,0.544,117,140,0.836,19,141,160,139,41,10,85,104,889,Minnesota Timberwolves,2240880,NA
256,Ty Lawson,lawsoty01,none,PG,29,SAC,69,24,1732,237,522,0.454,34,118,0.288,203,404,0.502,0.487,173,217,0.797,44,135,179,334,74,6,129,119,681,Sacramento Kings,1315448,NA
257,Jake Layman,laymaja01,none,SF,22,POR,35,1,249,26,89,0.292,13,51,0.255,13,38,0.342,0.365,13,17,0.765,6,18,24,11,9,3,11,22,78,Portland Trail Blazers,600000,1312611
258,Courtney Lee,leeco01,none,SG,31,NYK,77,74,2459,321,704,0.456,108,269,0.401,213,435,0.49,0.533,85,98,0.867,53,206,259,179,81,24,69,141,835,New York Knicks,11242000,11747890
260,Alex Len,lenal01,none,C,23,PHO,77,34,1560,230,463,0.497,3,12,0.25,227,451,0.503,0.5,150,208,0.721,156,354,510,44,38,98,102,242,613,Phoenix Suns,4823621,4187599
261,Kawhi Leonard,leonaka01,none,SF,25,SAS,74,74,2474,636,1312,0.485,147,387,0.38,489,925,0.529,0.541,469,533,0.88,80,350,430,260,133,55,154,122,1888,San Antonio Spurs,17638063,18868625
262,Meyers Leonard,leoname01,none,PF,24,POR,74,12,1222,146,378,0.386,74,213,0.347,72,165,0.436,0.484,35,40,0.875,27,210,237,71,13,28,35,172,401,Portland Trail Blazers,9213484,9904495
263,Jon Leuer,leuerjo01,none,PF,27,DET,75,34,1944,310,646,0.48,49,167,0.293,261,479,0.545,0.518,98,113,0.867,102,300,402,111,31,26,66,145,767,Detroit Pistons,10991957,10497319
264,Caris LeVert,leverca01,none,SF,22,BRK,57,26,1237,171,380,0.45,59,184,0.321,112,196,0.571,0.528,67,93,0.72,23,165,188,110,49,8,59,91,468,Brooklyn Nets,1562280,1632480
265,DeAndre Liggins,liggide01,none,SG,28,DAL,1,0,25,3,6,0.5,0,1,0,3,5,0.6,0.5,2,3,0.667,3,4,7,0,2,0,0,3,8,Dallas Mavericks,1015696,NA
266,Damian Lillard,lillada01,none,PG,26,POR,75,75,2694,661,1488,0.444,214,579,0.37,447,909,0.492,0.516,488,545,0.895,46,322,368,440,68,20,197,152,2024,Portland Trail Blazers,24328425,26153057
267,Jeremy Lin,linje01,none,PG,28,BRK,36,33,883,175,400,0.438,58,156,0.372,117,244,0.48,0.51,115,141,0.816,11,124,135,184,42,14,86,79,523,Brooklyn Nets,11483254,12000000
268,Shaun Livingston,livinsh01,none,PG,31,GSW,76,3,1345,173,316,0.547,1,3,0.333,172,313,0.55,0.549,42,60,0.7,28,123,151,139,38,20,62,120,389,Golden State Warriors,5782450,7692308
269,Shawn Long,longsh01,none,C,24,PHI,18,0,234,61,109,0.56,7,19,0.368,54,90,0.6,0.592,19,35,0.543,41,44,85,13,9,9,13,49,148,Philadelphia 76ers,96969,NA
270,Kevon Looney,looneke01,none,C,20,GSW,53,4,447,56,107,0.523,2,9,0.222,54,98,0.551,0.533,21,34,0.618,44,80,124,29,15,17,17,64,135,Golden State Warriors,1182840,1471382
271,Brook Lopez,lopezbr01,none,C,28,BRK,75,75,2222,555,1172,0.474,134,387,0.346,421,785,0.536,0.531,295,364,0.81,121,282,403,176,38,124,184,192,1539,Brooklyn Nets,21165675,NA
272,Robin Lopez,lopezro01,none,C,28,CHI,81,81,2271,382,775,0.493,0,2,0,382,773,0.494,0.493,75,104,0.721,244,276,520,80,18,117,91,151,839,Chicago Bulls,13219250,13788500
273,Kevin Love,loveke01,none,PF,28,CLE,60,60,1885,370,867,0.427,145,389,0.373,225,478,0.471,0.51,257,295,0.871,148,518,666,116,53,21,122,125,1142,Cleveland Cavaliers,21165675,22642350
274,Kyle Lowry,lowryky01,none,PG,30,TOR,60,60,2244,426,918,0.464,193,468,0.412,233,450,0.518,0.569,299,365,0.819,48,238,286,417,88,19,173,170,1344,Toronto Raptors,12000000,28703704
276,Timothe Luwawu-Cabarrot,luwawti01,none,SF,21,PHI,69,19,1190,145,361,0.402,50,161,0.311,95,200,0.475,0.471,105,123,0.854,25,124,149,75,32,10,73,154,445,Philadelphia 76ers,1326960,1386600
277,Trey Lyles,lylestr01,none,PF,21,UTA,71,4,1158,159,439,0.362,65,204,0.319,94,235,0.4,0.436,57,79,0.722,48,187,235,69,26,20,64,97,440,Utah Jazz,2340600,NA
279,Shelvin Mack,macksh01,none,PG,26,UTA,55,9,1205,170,381,0.446,37,120,0.308,133,261,0.51,0.495,53,77,0.688,20,105,125,154,42,3,90,100,430,Utah Jazz,2433334,NA
281,Thon Maker,makerth01,none,C,19,MIL,57,34,562,83,181,0.459,28,74,0.378,55,107,0.514,0.536,32,49,0.653,40,74,114,23,10,26,17,84,226,Milwaukee Bucks,2568600,2684160
283,Jarell Martin,martija01,none,PF,22,MEM,42,3,558,58,151,0.384,9,25,0.36,49,126,0.389,0.414,40,50,0.8,42,120,162,8,17,9,28,91,165,Memphis Grizzlies,1286160,1471382
284,Wesley Matthews,matthwe02,none,SG,30,DAL,73,73,2495,333,847,0.393,174,479,0.363,159,368,0.432,0.496,146,179,0.816,18,241,259,210,77,15,102,161,986,Dallas Mavericks,17100000,17884176
285,Luc Mbah a Moute,mbahalu01,none,SF,30,LAC,80,76,1787,191,378,0.505,43,110,0.391,148,268,0.552,0.562,59,87,0.678,44,126,170,39,81,35,46,122,484,Los Angeles Clippers,2203000,NA
287,Patrick McCaw,mccawpa01,none,SG,21,GSW,71,20,1074,106,245,0.433,41,123,0.333,65,122,0.533,0.516,29,37,0.784,21,79,100,77,32,15,36,62,282,Golden State Warriors,543471,1312611
288,CJ McCollum,mccolcj01,none,SG,25,POR,80,80,2796,692,1441,0.48,185,439,0.421,507,1002,0.506,0.544,268,294,0.912,60,229,289,285,72,42,172,202,1837,Portland Trail Blazers,3219579,23962573
289,T.J. McConnell,mccontj01,none,PG,24,PHI,81,51,2133,236,512,0.461,11,55,0.2,225,457,0.492,0.472,73,90,0.811,39,212,251,534,134,10,159,139,556,Philadelphia 76ers,874636,1471382
291,K.J. McDaniels,mcdankj01,none,SF,23,BRK,20,0,293,46,101,0.455,11,39,0.282,35,62,0.565,0.51,23,28,0.821,9,43,52,9,12,10,19,25,126,Brooklyn Nets,3333333,NA
292,Doug McDermott,mcderdo01,none,SF,25,OKC,22,1,430,56,124,0.452,21,58,0.362,35,66,0.53,0.536,12,17,0.706,6,43,49,13,2,1,6,22,145,Oklahoma City Thunder,2483040,NA
293,JaVale McGee,mcgeeja01,none,C,29,GSW,77,10,739,208,319,0.652,0,3,0,208,316,0.658,0.652,56,111,0.505,100,144,244,17,19,67,40,109,472,Golden State Warriors,1403611,1471382
294,Rodney McGruder,mcgruro01,none,SG,25,MIA,78,65,1966,190,460,0.413,73,220,0.332,117,240,0.488,0.492,44,71,0.62,94,162,256,124,46,18,56,140,497,Miami Heat,543471,1312611
295,Ben McLemore,mclembe01,none,SG,23,SAC,61,26,1176,180,419,0.43,65,170,0.382,115,249,0.462,0.507,70,93,0.753,19,110,129,51,29,6,62,108,495,Sacramento Kings,4008882,NA
296,Jordan McRae,mcraejo01,none,SG,25,CLE,37,4,384,58,150,0.387,18,51,0.353,40,99,0.404,0.447,27,34,0.794,6,35,41,19,8,6,14,31,161,Cleveland Cavaliers,874636,NA
297,Josh McRoberts,mcrobjo01,none,PF,29,MIA,22,14,381,44,118,0.373,13,31,0.419,31,87,0.356,0.428,6,9,0.667,23,51,74,50,10,4,23,31,107,Miami Heat,5782450,NA
298,Jodie Meeks,meeksjo01,none,SG,29,ORL,36,10,738,103,256,0.402,56,137,0.409,47,119,0.395,0.512,65,74,0.878,5,72,77,45,34,4,36,41,327,Orlando Magic,6540000,NA
299,Salah Mejri,mejrisa01,none,C,30,DAL,73,11,905,88,137,0.642,1,3,0.333,87,134,0.649,0.646,36,61,0.59,97,211,308,14,32,61,40,152,213,Dallas Mavericks,874636,1471382
300,Jordan Mickey,mickejo01,none,PF,22,BOS,25,1,141,15,34,0.441,0,1,0,15,33,0.455,0.441,8,14,0.571,13,21,34,7,3,6,9,12,38,Boston Celtics,1223653,NA
301,Khris Middleton,middlkh01,none,SF,25,MIL,29,23,889,150,333,0.45,45,104,0.433,105,229,0.459,0.518,81,92,0.88,11,112,123,99,41,7,65,79,426,Milwaukee Bucks,15200000,14100000
302,C.J. Miles,milescj01,none,SF,29,IND,76,29,1776,281,647,0.434,169,409,0.413,112,238,0.471,0.565,84,93,0.903,30,199,229,48,46,25,40,151,815,Indiana Pacers,4583450,NA
303,Mike Miller,millemi01,none,SF,36,DEN,20,0,151,9,23,0.391,8,20,0.4,1,3,0.333,0.565,2,2,1,2,36,38,22,2,0,13,9,28,Denver Nuggets,3500000,NA
304,Patty Mills,millspa02,none,PG,28,SAS,80,8,1754,273,621,0.44,147,355,0.414,126,266,0.474,0.558,66,80,0.825,24,117,141,280,65,3,101,109,759,San Antonio Spurs,3578948,10714286
305,Elijah Millsap,millsel01,none,SG,29,PHO,2,0,23,1,7,0.143,0,2,0,1,5,0.2,0.143,1,2,0.5,3,3,6,1,0,0,2,2,3,Phoenix Suns,23069,NA
306,Paul Millsap,millspa01,none,PF,31,ATL,69,67,2343,430,972,0.442,75,241,0.311,355,731,0.486,0.481,311,405,0.768,111,422,533,252,90,62,158,186,1246,Atlanta Hawks,20072033,NA
307,Nikola Miroti?,mirotni01,none,PF,25,CHI,70,15,1679,258,625,0.413,129,377,0.342,129,248,0.52,0.516,99,128,0.773,61,323,384,75,53,55,80,128,744,Chicago Bulls,5782450,NA
308,Greg Monroe,monrogr01,none,C,26,MIL,81,0,1823,387,726,0.533,0,4,0,387,722,0.536,0.533,177,239,0.741,167,365,532,187,92,38,140,168,951,Milwaukee Bucks,17100000,NA
309,E'Twaun Moore,mooreet01,none,SG,27,NOP,73,22,1820,283,619,0.457,77,208,0.37,206,411,0.501,0.519,57,74,0.77,33,119,152,164,50,32,62,131,700,New Orleans Pelicans,8081363,8445024
310,Marcus Morris,morrima03,none,SF,27,DET,79,79,2565,421,1007,0.418,118,357,0.331,303,650,0.466,0.477,145,185,0.784,77,289,366,160,52,25,87,168,1105,Detroit Pistons,4625000,NA
312,Anthony Morrow,morroan01,none,SG,31,CHI,9,0,87,12,29,0.414,6,14,0.429,6,15,0.4,0.517,11,11,1,1,1,2,6,2,0,0,4,41,Chicago Bulls,3488000,NA
313,Donatas Motiej?nas,motiedo01,none,PF,26,NOP,34,0,479,57,138,0.413,11,47,0.234,46,91,0.505,0.453,25,49,0.51,26,75,101,32,18,11,31,55,150,New Orleans Pelicans,576724,NA
314,Timofey Mozgov,mozgoti01,none,C,30,LAL,54,52,1104,169,328,0.515,0,1,0,169,327,0.517,0.515,63,78,0.808,104,160,264,43,16,31,72,133,401,Los Angeles Lakers,16000000,NA
315,Emmanuel Mudiay,mudiaem01,none,PG,20,DEN,55,41,1406,208,551,0.377,56,178,0.315,152,373,0.408,0.428,131,167,0.784,29,149,178,217,41,13,123,95,603,Denver Nuggets,3241800,NA
316,Shabazz Muhammad,muhamsh01,none,SF,24,MIN,78,1,1516,288,598,0.482,49,145,0.338,239,453,0.528,0.523,147,190,0.774,84,136,220,35,22,6,56,86,772,Minnesota Timberwolves,3046299,1238616
317,Dejounte Murray,murrade01,none,PG,20,SAS,38,8,322,50,116,0.431,9,23,0.391,41,93,0.441,0.47,21,30,0.7,6,36,42,48,8,6,38,29,130,San Antonio Spurs,1180080,1312611
318,Jamal Murray,murraja01,none,SG,19,DEN,82,10,1764,295,730,0.404,115,344,0.334,180,386,0.466,0.483,106,120,0.883,41,173,214,170,51,24,113,124,811,Denver Nuggets,3210840,3355320
319,Mike Muscala,muscami01,none,C,25,ATL,70,3,1237,170,337,0.504,46,110,0.418,124,227,0.546,0.573,49,64,0.766,76,164,240,95,30,41,55,97,435,Atlanta Hawks,1015696,5000000
320,Larry Nance Jr.,nancela02,none,PF,24,LAL,63,7,1442,190,361,0.526,10,36,0.278,180,325,0.554,0.54,59,80,0.738,120,249,369,96,82,39,56,149,449,Los Angeles Lakers,1207680,NA
321,Shabazz Napier,napiesh01,none,PG,25,POR,53,2,512,73,183,0.399,34,92,0.37,39,91,0.429,0.492,38,49,0.776,8,53,61,67,32,2,41,38,218,Portland Trail Blazers,1350120,2361360
322,Maurice Ndour,ndourma01,none,PF,24,NYK,32,4,331,39,86,0.453,1,7,0.143,38,79,0.481,0.459,19,26,0.731,22,42,64,8,15,8,12,30,98,New York Knicks,543471,NA
323,Gary Neal,nealga01,none,SG,32,ATL,2,0,18,0,7,0,0,2,0,0,5,0,0,4,4,1,0,1,1,1,0,0,0,1,4,Atlanta Hawks,72193,NA
324,Jameer Nelson,nelsoja01,none,PG,34,DEN,75,39,2045,268,604,0.444,106,273,0.388,162,331,0.489,0.531,45,63,0.714,28,164,192,385,54,8,128,197,687,Denver Nuggets,4540525,4736050
325,Raul Neto,netora01,none,PG,24,UTA,40,0,346,41,91,0.451,10,31,0.323,31,60,0.517,0.505,8,9,0.889,4,26,30,34,21,5,15,48,100,Utah Jazz,937800,1471382
327,Andrew Nicholson,nichoan01,none,PF,27,BRK,10,0,111,13,34,0.382,2,11,0.182,11,23,0.478,0.412,2,2,1,4,23,27,3,5,0,6,18,30,Brooklyn Nets,6088993,NA
328,Joakim Noah,noahjo01,none,C,31,NYK,46,46,1015,99,202,0.49,0,1,0,99,201,0.493,0.49,34,78,0.436,162,241,403,103,30,37,58,127,232,New York Knicks,17000000,17765000
330,Lucas Nogueira,noguelu01,none,C,24,TOR,57,6,1088,103,156,0.66,3,12,0.25,100,144,0.694,0.67,44,67,0.657,82,162,244,42,52,89,46,137,253,Toronto Raptors,1921320,2947305
332,Dirk Nowitzki,nowitdi01,none,PF,38,DAL,54,54,1424,296,678,0.437,79,209,0.378,217,469,0.463,0.495,98,112,0.875,23,330,353,82,30,38,51,113,769,Dallas Mavericks,25000000,5000000
333,Jusuf Nurki?,nurkiju01,none,C,22,POR,20,19,584,120,236,0.508,0,1,0,120,235,0.511,0.508,64,97,0.66,65,142,207,63,25,38,62,73,304,Portland Trail Blazers,1921320,2947305
334,David Nwaba,nwabada01,none,SG,24,LAL,20,2,397,47,81,0.58,1,5,0.2,46,76,0.605,0.586,25,39,0.641,17,46,63,14,13,7,11,36,120,Los Angeles Lakers,137466,NA
335,Johnny O'Bryant,obryajo01,trans,PF,23,DEN,7,0,46,7,15,0.467,2,3,0.667,5,12,0.417,0.533,4,4,1,5,6,11,2,0,1,3,4,20,Denver Nuggets,115344,NA
335,Johnny O'Bryant,obryajo01,trans,PF,23,CHO,4,0,34,8,15,0.533,1,3,0.333,7,12,0.583,0.567,1,2,0.5,4,4,8,4,0,0,3,6,18,Charlotte Hornets,276827,NA
336,Kyle O'Quinn,oquinky01,none,C,26,NYK,79,8,1229,215,413,0.521,2,17,0.118,213,396,0.538,0.523,64,83,0.771,157,282,439,117,36,104,76,174,496,New York Knicks,3900000,4087500
339,Victor Oladipo,oladivi01,none,SG,24,OKC,67,67,2222,412,932,0.442,127,352,0.361,285,580,0.491,0.51,116,154,0.753,39,252,291,176,78,21,119,155,1067,Oklahoma City Thunder,6552960,NA
340,Kelly Olynyk,olynyke01,none,C,25,BOS,75,6,1538,260,508,0.512,68,192,0.354,192,316,0.608,0.579,90,123,0.732,73,288,361,148,43,29,96,207,678,Boston Celtics,3094014,NA
344,Zaza Pachulia,pachuza01,none,C,32,GSW,70,70,1268,164,307,0.534,0,2,0,164,305,0.538,0.534,98,126,0.778,140,270,410,132,59,33,87,166,426,Golden State Warriors,2898000,3477600
345,Georgios Papagiannis,papagge01,none,C,19,SAC,22,0,355,56,102,0.549,0,2,0,56,100,0.56,0.549,12,14,0.857,24,62,86,20,3,17,24,44,124,Sacramento Kings,2202240,2301360
346,Jabari Parker,parkeja01,none,PF,21,MIL,51,50,1728,399,814,0.49,65,178,0.365,334,636,0.525,0.53,162,218,0.743,79,235,314,142,50,22,93,111,1025,Milwaukee Bucks,5374320,6782392
347,Tony Parker,parketo01,none,PG,34,SAS,63,63,1587,265,569,0.466,23,69,0.333,242,500,0.484,0.486,85,117,0.726,9,104,113,285,34,2,89,92,638,San Antonio Spurs,14445313,15453126
348,Chandler Parsons,parsoch01,none,SF,28,MEM,34,34,675,75,222,0.338,25,93,0.269,50,129,0.388,0.394,35,43,0.814,6,78,84,55,20,5,24,52,210,Memphis Grizzlies,22116750,23112004
349,Lamar Patterson,pattela01,none,SG,25,ATL,5,0,40,3,15,0.2,1,6,0.167,2,9,0.222,0.233,2,3,0.667,1,6,7,6,1,0,4,6,9,Atlanta Hawks,128623,NA
350,Patrick Patterson,pattepa01,none,PF,27,TOR,65,8,1599,154,384,0.401,94,253,0.372,60,131,0.458,0.523,43,60,0.717,62,231,293,76,40,23,38,120,445,Toronto Raptors,6050000,NA
351,Chris Paul,paulch01,none,PG,31,LAC,61,61,1921,374,785,0.476,124,302,0.411,250,483,0.518,0.555,232,260,0.892,40,264,304,563,119,8,147,146,1104,Los Angeles Clippers,22868827,NA
353,Cameron Payne,payneca01,none,PG,22,CHI,11,0,142,21,63,0.333,11,34,0.324,10,29,0.345,0.421,1,4,0.25,1,16,17,15,4,0,13,14,54,Chicago Bulls,2112480,2203440
354,Elfrid Payton,paytoel01,none,PG,22,ORL,82,58,2412,430,912,0.471,40,146,0.274,390,766,0.509,0.493,146,211,0.692,89,298,387,529,88,40,178,177,1046,Orlando Magic,2613600,NA
356,Paul Pierce*,piercpa01,none,SF,39,LAC,25,7,277,28,70,0.4,15,43,0.349,13,27,0.481,0.507,10,13,0.769,1,47,48,10,4,5,16,40,81,Los Angeles Clippers,3500000,1096080
358,Mason Plumlee,plumlma01,none,C,26,DEN,27,10,632,99,181,0.547,0,1,0,99,180,0.55,0.547,47,76,0.618,50,123,173,70,19,29,46,77,245,Denver Nuggets,2328530,14041096
362,Bobby Portis,portibo01,none,PF,21,CHI,64,13,1000,183,375,0.488,32,96,0.333,151,279,0.541,0.531,39,59,0.661,75,221,296,35,16,11,37,94,437,Chicago Bulls,1453680,1516320
363,Kristaps Porzi??is,porzikr01,none,PF,21,NYK,66,65,2164,443,985,0.45,112,314,0.357,331,671,0.493,0.507,198,252,0.786,111,364,475,97,47,129,118,244,1196,New York Knicks,4317720,4503600
364,Dwight Powell,poweldw01,none,C,25,DAL,77,3,1333,194,377,0.515,21,74,0.284,173,303,0.571,0.542,107,141,0.759,93,213,306,49,61,39,34,135,516,Dallas Mavericks,8375000,9003125
365,Norman Powell,powelno01,none,SG,23,TOR,76,18,1368,227,506,0.449,56,173,0.324,171,333,0.514,0.504,126,159,0.792,26,143,169,82,52,14,70,127,636,Toronto Raptors,874636,1471382
366,Alex Poythress,poythal01,none,PF,23,PHI,6,1,157,25,54,0.463,6,19,0.316,19,35,0.543,0.519,8,10,0.8,11,18,29,5,3,2,3,14,64,Philadelphia 76ers,38903,NA
367,Ronnie Price,pricero01,none,PG,33,PHO,14,0,134,4,24,0.167,3,17,0.176,1,7,0.143,0.229,3,4,0.75,3,8,11,18,11,1,3,14,14,Phoenix Suns,465143,NA
368,Taurean Prince,princta02,none,SF,22,ATL,59,10,981,114,285,0.4,33,102,0.324,81,183,0.443,0.458,74,94,0.787,25,132,157,55,43,27,61,96,335,Atlanta Hawks,2318280,2422560
370,Chasson Randle,randlch01,trans,PG,23,PHI,8,0,74,12,26,0.462,6,15,0.4,6,11,0.545,0.577,12,12,1,0,5,5,6,3,1,3,11,42,Philadelphia 76ers,297311,NA
370,Chasson Randle,randlch01,trans,PG,23,NYK,18,0,225,28,72,0.389,10,32,0.313,18,40,0.45,0.458,29,31,0.935,6,21,27,28,6,1,16,28,95,New York Knicks,243860,NA
371,Julius Randle,randlju01,none,PF,22,LAL,74,73,2132,377,773,0.488,17,63,0.27,360,710,0.507,0.499,204,282,0.723,150,486,636,264,49,37,173,248,975,Los Angeles Lakers,3267120,4149242
372,Zach Randolph,randoza01,none,PF,35,MEM,73,5,1786,433,964,0.449,21,94,0.223,412,870,0.474,0.46,141,193,0.731,182,416,598,122,38,10,99,136,1028,Memphis Grizzlies,10361445,NA
373,J.J. Redick,redicjj01,none,SG,32,LAC,78,78,2198,396,890,0.445,201,468,0.429,195,422,0.462,0.558,180,202,0.891,11,160,171,110,54,13,98,125,1173,Los Angeles Clippers,7377500,NA
374,Willie Reed,reedwi02,none,C,26,MIA,71,5,1031,162,285,0.568,1,4,0.25,161,281,0.573,0.57,49,88,0.557,129,203,332,26,18,47,31,137,374,Miami Heat,1015696,NA
375,Josh Richardson,richajo01,none,SG,23,MIA,53,34,1614,202,513,0.394,75,227,0.33,127,286,0.444,0.467,60,77,0.779,35,133,168,140,60,39,65,132,539,Miami Heat,874636,1471382
376,Malachi Richardson,richama01,none,SG,21,SAC,22,0,198,28,68,0.412,8,28,0.286,20,40,0.5,0.471,15,19,0.789,3,20,23,11,5,1,8,23,79,Sacramento Kings,1439880,NA
377,Austin Rivers,riverau01,none,SG,24,LAC,74,29,2054,323,731,0.442,111,299,0.371,212,432,0.491,0.518,132,191,0.691,20,141,161,204,48,10,115,187,889,Los Angeles Clippers,11000000,11825000
378,Andre Roberson,roberan03,none,SF,25,OKC,79,79,2376,215,463,0.464,45,184,0.245,170,279,0.609,0.513,47,111,0.423,98,305,403,79,94,79,51,204,522,Oklahoma City Thunder,2183072,9259259
379,Brian Roberts,roberbr01,none,PG,31,CHO,41,2,416,46,122,0.377,17,44,0.386,29,78,0.372,0.447,33,39,0.846,5,34,39,52,9,1,26,18,142,Charlotte Hornets,1050961,NA
380,Glenn Robinson III,robingl02,none,SF,23,IND,69,27,1427,158,338,0.467,49,125,0.392,109,213,0.512,0.54,54,76,0.711,57,189,246,47,41,20,37,63,419,Indiana Pacers,1050500,1524305
381,Thomas Robinson,robinth01,none,PF,25,LAL,48,1,560,105,196,0.536,0,1,0,105,195,0.538,0.536,31,66,0.47,84,139,223,31,26,9,46,76,241,Los Angeles Lakers,1050961,NA
382,Sergio Rodriguez,rodrise01,none,PG,30,PHI,68,30,1518,210,536,0.392,92,252,0.365,118,284,0.415,0.478,18,27,0.667,21,136,157,344,49,4,128,95,530,Philadelphia 76ers,8000000,NA
383,Rajon Rondo,rondora01,none,PG,30,CHI,69,42,1843,229,561,0.408,50,133,0.376,179,428,0.418,0.453,30,50,0.6,73,282,355,461,99,11,169,144,538,Chicago Bulls,14000000,3000000
384,Derrick Rose,rosede01,none,PG,28,NYK,64,64,2082,460,977,0.471,13,60,0.217,447,917,0.487,0.477,221,253,0.874,66,180,246,283,44,17,147,84,1154,New York Knicks,21323250,NA
385,Terrence Ross,rosste01,none,SF,25,ORL,24,24,748,115,267,0.431,46,135,0.341,69,132,0.523,0.517,23,27,0.852,4,64,68,43,34,13,35,61,299,Orlando Magic,10000000,10500000
386,Terry Rozier,roziete01,none,PG,22,BOS,74,0,1263,151,411,0.367,57,179,0.318,94,232,0.405,0.437,51,66,0.773,40,187,227,131,46,11,47,69,410,Boston Celtics,1906440,1988520
387,Ricky Rubio,rubiori01,none,PG,26,MIN,75,75,2469,261,650,0.402,60,196,0.306,201,454,0.443,0.448,254,285,0.891,68,237,305,682,128,10,195,202,836,Minnesota Timberwolves,13550000,NA
389,Brandon Rush,rushbr01,none,SG,31,MIN,47,33,1030,70,187,0.374,44,114,0.386,26,73,0.356,0.492,13,18,0.722,16,83,99,45,22,23,28,42,197,Minnesota Timberwolves,3500000,NA
390,D'Angelo Russell,russeda01,none,PG,20,LAL,63,60,1811,351,867,0.405,135,384,0.352,216,483,0.447,0.483,147,188,0.782,31,190,221,303,87,16,176,130,984,Los Angeles Lakers,5332800,NA
391,Domantas Sabonis,sabondo01,none,PF,20,OKC,81,66,1632,192,481,0.399,51,159,0.321,141,322,0.438,0.452,44,67,0.657,46,242,288,82,39,32,83,200,479,Oklahoma City Thunder,2440200,NA
393,Dario ?ari?,saricda01,none,PF,22,PHI,81,36,2129,381,927,0.411,106,341,0.311,275,586,0.469,0.468,172,220,0.782,112,401,513,182,57,30,183,162,1040,Philadelphia 76ers,2318280,2422560
395,Dennis Schroder,schrode01,none,PG,23,ATL,79,78,2485,548,1214,0.451,100,294,0.34,448,920,0.487,0.493,218,255,0.855,42,206,248,499,74,16,258,149,1414,Atlanta Hawks,2708582,15500000
396,Luis Scola,scolalu01,none,PF,36,BRK,36,1,461,71,151,0.47,17,50,0.34,54,101,0.535,0.526,25,37,0.676,51,88,139,37,14,4,34,63,184,Brooklyn Nets,5000000,NA
398,Thabo Sefolosha,sefolth01,none,SF,32,ATL,62,42,1596,174,395,0.441,41,120,0.342,133,275,0.484,0.492,55,75,0.733,54,216,270,107,96,31,58,97,444,Atlanta Hawks,3850000,NA
399,Wayne Selden,seldewa01,trans,SG,22,NOP,3,3,47,5,8,0.625,4,7,0.571,1,1,1,0.875,2,4,0.5,0,5,5,1,2,0,3,6,16,New Orleans Pelicans,31969,NA
399,Wayne Selden,seldewa01,trans,SG,22,MEM,11,2,189,20,50,0.4,3,21,0.143,17,29,0.586,0.43,12,18,0.667,1,10,11,12,4,1,9,12,55,Memphis Grizzlies,83119,1312611
400,Kevin Seraphin,serapke01,none,PF,27,IND,49,3,559,109,198,0.551,0,2,0,109,196,0.556,0.551,14,22,0.636,41,101,142,23,7,20,29,66,232,Indiana Pacers,1800000,NA
401,Ramon Sessions,sessira01,none,PG,30,CHO,50,1,811,100,263,0.38,21,62,0.339,79,201,0.393,0.42,91,118,0.771,11,62,73,129,27,3,46,43,312,Charlotte Hornets,6000000,NA
402,Iman Shumpert,shumpim01,none,SG,26,CLE,76,31,1937,201,489,0.411,94,261,0.36,107,228,0.469,0.507,71,90,0.789,39,179,218,109,62,27,78,150,567,Cleveland Cavaliers,9700000,NA
403,Pascal Siakam,siakapa01,none,PF,22,TOR,55,38,859,103,205,0.502,1,7,0.143,102,198,0.515,0.505,22,32,0.688,64,121,185,17,26,45,33,109,229,Toronto Raptors,1196040,1312611
404,Jonathon Simmons,simmojo02,none,SG,27,SAS,78,8,1392,177,421,0.42,30,102,0.294,147,319,0.461,0.456,99,132,0.75,20,140,160,126,47,25,76,146,483,San Antonio Spurs,874636,NA
405,Kyle Singler,singlky01,none,SF,28,OKC,32,2,385,34,83,0.41,7,37,0.189,27,46,0.587,0.452,13,17,0.765,8,40,48,9,7,5,11,29,88,Oklahoma City Thunder,4837500,4666500
406,Marcus Smart,smartma01,none,SG,22,BOS,79,24,2399,269,749,0.359,94,332,0.283,175,417,0.42,0.422,203,250,0.812,78,227,305,364,125,34,159,192,835,Boston Celtics,3578880,4538020
407,Ish Smith,smithis01,none,PG,28,DET,81,32,1955,329,749,0.439,28,105,0.267,301,644,0.467,0.458,72,102,0.706,21,214,235,418,61,33,112,127,758,Detroit Pistons,6000000,6000000
408,J.R. Smith,smithjr01,none,SG,31,CLE,41,35,1187,123,356,0.346,95,271,0.351,28,85,0.329,0.479,10,15,0.667,17,96,113,62,40,11,26,77,351,Cleveland Cavaliers,12800000,13760000
410,Tony Snell,snellto01,none,SG,25,MIL,80,80,2336,246,541,0.455,144,355,0.406,102,186,0.548,0.588,47,58,0.81,22,226,248,96,55,14,55,125,683,Milwaukee Bucks,2368327,9821429
411,Marreese Speights,speigma01,none,C,29,LAC,82,2,1286,244,548,0.445,103,277,0.372,141,271,0.52,0.539,120,137,0.876,88,285,373,65,23,41,69,229,711,Los Angeles Clippers,1403611,NA
412,Tiago Splitter,splitti01,none,C,32,PHI,8,0,76,14,31,0.452,2,6,0.333,12,25,0.48,0.484,9,11,0.818,8,14,22,4,1,1,6,8,39,Philadelphia 76ers,8550000,NA
413,Nik Stauskas,stausni01,none,SG,23,PHI,80,27,2188,251,634,0.396,132,359,0.368,119,275,0.433,0.5,122,150,0.813,21,205,226,188,45,32,128,144,756,Philadelphia 76ers,2993040,NA
414,Lance Stephenson,stephla01,trans,SG,26,NOP,6,0,162,26,55,0.473,1,10,0.1,25,45,0.556,0.482,5,8,0.625,3,15,18,29,2,1,11,18,58,New Orleans Pelicans,1227286,NA
414,Lance Stephenson,stephla01,trans,SG,26,MIN,6,0,67,10,21,0.476,0,2,0,10,19,0.526,0.476,1,2,0.5,0,10,10,5,0,0,4,2,21,Minnesota Timberwolves,144386,NA
414,Lance Stephenson,stephla01,trans,SG,26,IND,6,0,132,18,44,0.409,5,8,0.625,13,36,0.361,0.466,2,3,0.667,1,23,24,25,3,2,11,12,43,Indiana Pacers,4000000,4180000
417,Rodney Stuckey,stuckro01,none,PG,30,IND,39,0,696,91,244,0.373,19,60,0.317,72,184,0.391,0.412,80,107,0.748,6,78,84,84,16,0,53,44,281,Indiana Pacers,7000000,NA
420,Isaiah Taylor,taylois01,none,PG,22,HOU,4,0,52,1,7,0.143,0,2,0,1,5,0.2,0.143,1,2,0.5,1,2,3,3,1,1,0,6,3,Houston Rockets,305000,NA
421,Jeff Teague,teaguje01,none,PG,28,IND,82,82,2657,402,909,0.442,90,252,0.357,312,657,0.475,0.492,360,415,0.867,33,297,330,639,100,32,216,165,1254,Indiana Pacers,8800000,NA
422,Mirza Teletovi?,teletmi01,none,PF,31,MIL,70,2,1133,156,418,0.373,104,305,0.341,52,113,0.46,0.498,35,45,0.778,11,151,162,48,12,13,37,109,451,Milwaukee Bucks,10500000,10500000
423,Garrett Temple,templga01,none,SG,30,SAC,65,21,1728,183,432,0.424,82,220,0.373,101,212,0.476,0.519,58,74,0.784,32,152,184,168,84,28,78,141,506,Sacramento Kings,8000000,8000000
424,Jason Terry,terryja01,none,SG,39,MIL,74,0,1365,105,243,0.432,73,171,0.427,32,72,0.444,0.582,24,29,0.828,15,91,106,98,46,20,36,95,307,Milwaukee Bucks,1551659,1471382
425,Isaiah Thomas,thomais02,none,PG,27,BOS,76,76,2569,682,1473,0.463,245,646,0.379,437,827,0.528,0.546,590,649,0.909,43,162,205,448,70,13,210,167,2199,Boston Celtics,6587132,NA
426,Lance Thomas,thomala01,none,PF,28,NYK,46,15,968,97,244,0.398,38,85,0.447,59,159,0.371,0.475,43,51,0.843,32,110,142,35,21,5,25,85,275,New York Knicks,6191000,6655325
427,Hollis Thompson,thompho01,trans,SG,25,PHI,31,1,561,66,159,0.415,26,71,0.366,40,88,0.455,0.497,13,20,0.65,15,69,84,26,14,6,9,55,171,Philadelphia 76ers,442126,NA
427,Hollis Thompson,thompho01,trans,SG,25,NOP,9,8,191,11,41,0.268,6,24,0.25,5,17,0.294,0.341,6,9,0.667,4,24,28,9,6,0,2,14,34,New Orleans Pelicans,119494,NA
428,Klay Thompson,thompkl01,none,SG,26,GSW,78,78,2649,644,1376,0.468,268,647,0.414,376,729,0.516,0.565,186,218,0.853,49,236,285,160,66,40,128,139,1742,Golden State Warriors,16663575,17826150
429,Tristan Thompson,thomptr01,none,C,25,CLE,78,78,2336,262,437,0.6,0,3,0,262,434,0.604,0.6,106,213,0.498,286,429,715,77,39,84,64,176,630,Cleveland Cavaliers,15330435,16400000
432,Anthony Tolliver,tollian01,none,PF,31,SAC,65,9,1477,155,351,0.442,90,230,0.391,65,121,0.537,0.57,61,82,0.744,51,186,237,77,34,20,56,109,461,Sacramento Kings,8000000,2000000
434,Karl-Anthony Towns,townska01,none,C,21,MIN,82,82,3030,802,1480,0.542,101,275,0.367,701,1205,0.582,0.576,356,428,0.832,296,711,1007,220,56,103,212,241,2061,Minnesota Timberwolves,5960160,6216840
435,P.J. Tucker,tuckepj01,none,SF,31,TOR,24,4,609,52,128,0.406,24,60,0.4,28,68,0.412,0.5,11,16,0.688,23,106,129,26,31,5,14,53,139,Toronto Raptors,5300000,NA
436,Evan Turner,turneev01,none,SF,28,POR,65,12,1658,235,552,0.426,31,118,0.263,204,434,0.47,0.454,85,103,0.825,36,211,247,205,53,24,100,121,586,Portland Trail Blazers,16393443,17131148
437,Myles Turner,turnemy01,none,C,20,IND,81,81,2541,444,869,0.511,40,115,0.348,404,754,0.536,0.534,245,303,0.809,139,450,589,106,74,172,105,262,1173,Indiana Pacers,2463840,2569920
438,Beno Udrih,udrihbe01,none,PG,34,DET,39,0,560,92,197,0.467,11,32,0.344,81,165,0.491,0.495,32,34,0.941,6,51,57,131,13,0,36,29,227,Detroit Pistons,1551659,25000
439,Tyler Ulis,ulisty01,none,PG,21,PHO,61,15,1123,184,437,0.421,21,79,0.266,163,358,0.455,0.445,55,71,0.775,20,75,95,226,48,5,77,73,444,Phoenix Suns,918369,1312611
440,Jarrod Uthoff,uthofja01,none,PF,23,DAL,9,0,115,16,38,0.421,3,9,0.333,13,29,0.448,0.461,5,7,0.714,8,14,22,9,2,4,3,8,40,Dallas Mavericks,63938,NA
441,Jonas Valan?i?nas,valanjo01,none,C,24,TOR,80,80,2066,391,702,0.557,1,2,0.5,390,700,0.557,0.558,176,217,0.811,226,533,759,57,37,63,106,216,959,Toronto Raptors,14382022,15460675
442,Denzel Valentine,valende01,none,SG,23,CHI,57,0,976,102,288,0.354,73,208,0.351,29,80,0.363,0.481,14,18,0.778,11,140,151,63,30,7,49,86,291,Chicago Bulls,2092200,2186400
443,Fred VanVleet,vanvlfr01,none,PG,22,TOR,37,0,294,39,111,0.351,11,29,0.379,28,82,0.341,0.401,18,22,0.818,4,38,42,35,16,3,15,36,107,Toronto Raptors,543471,1312611
445,Greivis Vasquez,vasqugr01,none,PG,30,BRK,3,0,39,2,8,0.25,1,3,0.333,1,5,0.2,0.313,2,3,0.667,0,2,2,5,1,1,1,6,7,Brooklyn Nets,4347826,NA
446,Rashad Vaughn,vaughra01,none,SG,20,MIL,41,2,458,57,156,0.365,26,81,0.321,31,75,0.413,0.449,2,5,0.4,4,45,49,23,19,10,14,32,142,Milwaukee Bucks,1811040,NA
447,Noah Vonleh,vonleno01,none,PF,21,POR,74,41,1265,130,270,0.481,7,20,0.35,123,250,0.492,0.494,60,94,0.638,131,256,387,31,30,27,64,154,327,Portland Trail Blazers,2751360,NA
448,Nikola Vu?evi?,vucevni01,none,C,26,ORL,75,55,2163,483,1031,0.468,23,75,0.307,460,956,0.481,0.48,107,160,0.669,176,603,779,208,76,74,117,180,1096,Orlando Magic,11750000,12250000
449,Sasha Vuja?i?,vujacsa01,none,SG,32,NYK,42,4,408,42,136,0.309,23,74,0.311,19,62,0.306,0.393,17,24,0.708,12,47,59,52,13,2,16,38,124,New York Knicks,1410598,NA
450,Dwyane Wade,wadedw01,none,SG,35,CHI,60,59,1792,414,955,0.434,45,145,0.31,369,810,0.456,0.457,223,281,0.794,63,207,270,228,86,41,138,112,1096,Chicago Bulls,23200000,15550000
451,Dion Waiters,waitedi01,none,SG,25,MIA,46,43,1384,281,663,0.424,85,215,0.395,196,448,0.438,0.488,82,127,0.646,18,135,153,200,42,20,103,95,729,Miami Heat,2898000,11000000
452,Kemba Walker,walkeke02,none,PG,26,CHO,79,79,2739,643,1449,0.444,240,602,0.399,403,847,0.476,0.527,304,359,0.847,45,263,308,434,85,22,168,119,1830,Charlotte Hornets,12000000,12000000
454,T.J. Warren,warretj01,none,SF,23,PHO,66,59,2048,403,814,0.495,26,98,0.265,377,716,0.527,0.511,119,154,0.773,125,214,339,75,76,39,57,175,951,Phoenix Suns,2128920,3152931
455,C.J. Watson,watsocj01,none,PG,32,ORL,62,9,1012,96,248,0.387,32,105,0.305,64,143,0.448,0.452,57,66,0.864,16,73,89,114,43,2,47,84,281,Orlando Magic,5000000,333334
457,David West,westda01,none,C,36,GSW,68,0,854,135,252,0.536,3,8,0.375,132,244,0.541,0.542,43,56,0.768,47,156,203,151,42,48,78,105,316,Golden State Warriors,1551659,1471382
458,Russell Westbrook,westbru01,none,PG,28,OKC,81,81,2802,824,1941,0.425,200,583,0.343,624,1358,0.459,0.476,710,840,0.845,137,727,864,840,132,31,438,190,2558,Oklahoma City Thunder,26540100,28530608
459,Okaro White,whiteok01,none,PF,24,MIA,35,0,471,33,87,0.379,12,34,0.353,21,53,0.396,0.448,20,22,0.909,25,57,82,21,10,10,18,52,98,Miami Heat,374933,NA
460,Isaiah Whitehead,whiteis01,none,PG,21,BRK,73,26,1643,204,508,0.402,44,149,0.295,160,359,0.446,0.445,91,113,0.805,32,152,184,192,42,36,142,175,543,Brooklyn Nets,1074145,1312611
462,Andrew Wiggins,wiggian01,none,SF,21,MIN,82,82,3048,709,1570,0.452,103,289,0.356,606,1281,0.473,0.484,412,542,0.76,102,226,328,189,82,30,187,183,1933,Minnesota Timberwolves,6006600,7574322
464,Alan Williams,willial03,none,C,24,PHO,47,0,708,138,267,0.517,0,1,0,138,266,0.519,0.517,70,112,0.625,94,198,292,23,27,32,37,125,346,Phoenix Suns,874636,6000000
465,Deron Williams,willide01,trans,PG,32,DAL,40,40,1171,195,453,0.43,63,181,0.348,132,272,0.485,0.5,69,84,0.821,13,89,102,274,25,2,98,96,522,Dallas Mavericks,9000000,NA
465,Deron Williams,willide01,trans,PG,32,CLE,24,4,486,68,147,0.463,22,53,0.415,46,94,0.489,0.537,21,25,0.84,1,44,45,86,6,6,40,42,179,Cleveland Cavaliers,259626,NA
466,Derrick Williams,willide02,trans,PF,25,MIA,25,11,377,54,137,0.394,9,45,0.2,45,92,0.489,0.427,31,50,0.62,16,57,73,14,9,5,14,33,148,Miami Heat,4598000,NA
466,Derrick Williams,willide02,trans,PF,25,CLE,25,0,427,54,107,0.505,21,52,0.404,33,55,0.6,0.603,27,39,0.692,3,54,57,14,5,2,14,27,156,Cleveland Cavaliers,402043,NA
467,Lou Williams,willilo02,none,SG,30,HOU,23,0,591,102,264,0.386,41,129,0.318,61,135,0.452,0.464,98,113,0.867,12,58,70,56,15,9,40,25,343,Houston Rockets,7000000,NA
468,Marvin Williams,willima02,none,PF,30,CHO,76,76,2295,297,704,0.422,124,354,0.35,173,350,0.494,0.51,131,150,0.873,89,411,500,106,58,53,60,134,849,Charlotte Hornets,12250000,13168750
469,Reggie Williams,willire02,none,SF,30,NOP,6,0,79,8,23,0.348,5,11,0.455,3,12,0.25,0.457,6,7,0.857,2,4,6,4,3,0,0,2,27,New Orleans Pelicans,252676,NA
470,Troy Williams,willitr02,trans,SF,22,MEM,24,13,418,51,123,0.415,10,41,0.244,41,82,0.5,0.455,15,25,0.6,6,39,45,19,24,9,26,42,127,Memphis Grizzlies,543471,NA
470,Troy Williams,willitr02,trans,SF,22,HOU,6,3,139,22,44,0.5,8,21,0.381,14,23,0.609,0.591,6,7,0.857,9,15,24,6,3,1,6,18,58,Houston Rockets,181969,1471382
472,Justise Winslow,winslju01,none,SF,20,MIA,18,15,625,80,225,0.356,7,35,0.2,73,190,0.384,0.371,29,47,0.617,23,71,94,66,26,6,33,52,196,Miami Heat,2593440,2705040
473,Jeff Withey,witheje01,none,C,26,UTA,51,1,432,55,103,0.534,0,1,0,55,102,0.539,0.534,36,48,0.75,52,69,121,7,16,32,14,52,146,Utah Jazz,1015696,NA
474,Christian Wood,woodch01,none,PF,21,CHO,13,0,107,12,23,0.522,0,5,0,12,18,0.667,0.522,11,15,0.733,14,15,29,2,3,6,7,11,35,Charlotte Hornets,874636,NA
475,Metta World Peace,artesro01,none,SF,37,LAL,25,2,160,19,68,0.279,9,38,0.237,10,30,0.333,0.346,10,16,0.625,5,15,20,11,10,2,7,18,57,Los Angeles Lakers,1551659,NA
476,Brandan Wright,wrighbr03,none,PF,29,MEM,28,5,447,83,135,0.615,0,1,0,83,134,0.619,0.615,23,35,0.657,31,47,78,15,11,20,10,42,189,Memphis Grizzlies,5700000,5179760
477,Delon Wright,wrighde01,none,PG,24,TOR,27,0,446,49,116,0.422,10,30,0.333,39,86,0.453,0.466,42,55,0.764,16,32,48,57,27,11,25,31,150,Toronto Raptors,1577280,1645200
479,Joe Young,youngjo01,none,PG,24,IND,33,0,135,26,72,0.361,5,23,0.217,21,49,0.429,0.396,11,15,0.733,1,16,17,15,4,0,5,5,68,Indiana Pacers,1052342,1471382
480,Nick Young,youngni01,none,SG,31,LAL,60,60,1556,272,633,0.43,170,421,0.404,102,212,0.481,0.564,77,90,0.856,25,113,138,58,37,14,36,137,791,Los Angeles Lakers,5443918,NA
481,Thaddeus Young,youngth01,none,PF,28,IND,74,74,2237,362,687,0.527,45,118,0.381,317,569,0.557,0.56,45,86,0.523,131,317,448,122,113,29,95,135,814,Indiana Pacers,14153652,14796348
482,Cody Zeller,zelleco01,none,C,24,CHO,62,58,1725,253,443,0.571,0,1,0,253,442,0.572,0.571,133,196,0.679,135,270,405,99,62,58,65,189,639,Charlotte Hornets,5318313,12584270
483,Tyler Zeller,zellety01,none,C,27,BOS,51,5,525,78,158,0.494,0,1,0,78,157,0.497,0.494,22,39,0.564,43,81,124,42,7,21,20,61,178,Boston Celtics,8000000,NA
485,Paul Zipser,zipsepa01,none,SF,22,CHI,44,18,843,88,221,0.398,33,99,0.333,55,122,0.451,0.473,31,40,0.775,15,110,125,36,15,16,40,78,240,Chicago Bulls,750000,1312611
486,Ivica Zubac,zubaciv01,none,C,19,LAL,38,11,609,126,238,0.529,0,3,0,126,235,0.536,0.529,32,49,0.653,41,118,159,30,14,33,30,66,284,Los Angeles Lakers,1034956,1312611
